#{"env_id": "binary-wide-v0", "t_start": 1668712717.0004852}
r,l,t
-2,65,8.47507
53,70,30.331153
8,79,33.775723
0,74,54.311522
20,69,57.452975
0,74,78.234712
6,97,99.792636
39,67,102.620188
-97,60,123.004916
1,75,126.135692
20,73,147.363808
0,106,170.373913
7,82,173.77795
37,84,196.418272
-9,73,198.550175
2,82,221.648431
-2,92,245.043418
100,77,247.291087
-7,92,271.392095
0,96,296.01359
59,79,320.190105
107,95,322.862676
24,95,347.428283
71,79,371.317903
-1,81,373.501962
0,92,397.776018
46,89,422.192714
23,83,424.28468
-5,70,448.115837
-19,82,450.582064
-5,88,474.137582
35,85,498.634774
59,89,522.382516
39,86,524.926586
-27,90,548.358534
114,103,571.315487
44,53,573.267284
-9,87,595.357568
62,74,598.431857
34,56,619.345498
76,101,642.178708
69,70,644.594862
34,80,666.901516
28,78,670.092164
-12,128,693.377364
-6,91,715.068094
48,90,736.72882
-4,133,760.067207
28,83,781.101891
0,97,784.941188
0,82,806.05986
91,81,827.246199
69,86,830.905092
0,97,852.144047
43,99,873.707413
58,72,876.656529
5,143,900.161153
21,75,920.41224
57,130,942.899933
70,114,964.51728
-6,101,985.954636
68,100,990.007379
-12,128,1012.333632
7,114,1033.79989
34,228,1077.086553
22,71,1097.162528
13,139,1119.936933
57,52,1122.043983
132,89,1142.855756
0,101,1164.112454
14,81,1167.670638
81,66,1188.228949
84,111,1210.264538
83,137,1233.081809
11,134,1255.633209
109,146,1278.665998
70,63,1281.2851
-2,177,1322.489561
9,156,1346.229788
-11,116,1367.861537
-13,117,1389.968627
65,157,1413.547408
97,176,1438.32955
49,127,1461.62936
5,124,1484.000788
-16,101,1504.868572
0,128,1527.339951
-7,99,1548.720179
21,119,1570.950361
-2,130,1593.435799
-10,117,1615.274097
49,110,1636.496274
27,154,1660.38497
-15,110,1682.028007
10,161,1705.825718
101,88,1726.351944
120,126,1748.789194
21,57,1751.145636
7,97,1772.596579
82,117,1795.150008
91,93,1816.039954
0,93,1819.937016
106,79,1840.363015
91,213,1884.491389
37,120,1889.382819
53,141,1930.047667
-5,93,1933.849108
0,124,1955.871444
76,53,1974.904527
-9,140,1997.443604
107,137,2020.417181
5,106,2041.970391
80,97,2045.919602
107,95,2067.303241
54,150,2090.696263
17,146,2131.381246
15,70,2134.190251
-1,133,2157.360165
79,143,2180.97268
62,88,2202.159135
22,106,2223.789714
56,101,2246.159145
-8,128,2269.02994
23,55,2271.157449
83,123,2294.003174
-13,104,2316.360283
98,75,2319.39966
61,150,2342.968606
8,94,2364.093627
60,61,2383.784796
107,81,2387.082287
93,113,2408.754053
76,77,2429.722798
90,133,2452.758795
0,112,2474.761436
49,77,2477.9272
50,62,2498.063818
1,107,2520.047425
37,65,2522.745807
-5,104,2544.967179
68,102,2566.46005
125,91,2570.400938
24,98,2591.779408
-1,115,2614.661988
80,67,2634.945868
1,110,2656.848247
67,63,2659.38801
45,87,2679.930311
-4,87,2683.520578
-5,107,2705.198992
55,115,2726.568138
113,64,2746.297298
15,102,2750.399525
60,51,2769.803682
63,71,2772.599106
0,112,2794.564752
0,110,2816.524757
48,71,2836.600152
35,99,2840.606769
62,70,2860.560302
-6,123,2883.261651
30,109,2905.431002
110,77,2908.623354
42,76,2929.393581
105,98,2951.042521
5,98,2972.745968
95,75,2975.544777
3,112,2997.920936
59,91,3019.402411
47,90,3023.098071
13,71,3043.164097
-32,155,3067.518299
17,59,3088.218939
116,75,3090.948585
5,79,3112.223365
10,107,3135.237633
21,74,3138.138875
105,101,3160.625633
58,152,3185.318218
-5,146,3209.001438
-1,77,3230.298531
62,47,3232.297035
92,92,3254.422814
30,84,3276.382266
102,104,3280.874919
59,60,3301.407477
6,150,3325.154297
-10,79,3346.611831
75,61,3349.157855
0,102,3371.467894
-5,85,3393.064255
0,86,3396.556115
113,102,3419.046807
17,57,3439.788533
105,73,3442.551256
24,89,3464.177118
47,88,3486.092367
69,185,3511.319444
20,99,3533.649902
111,106,3556.084098
37,95,3559.740145
119,87,3581.126133
122,86,3603.003065
82,66,3605.540497
0,105,3627.763066
90,56,3630.086308
-5,88,3651.553546
106,92,3673.45642
89,108,3695.938592
53,61,3698.47675
18,51,3719.112862
94,115,3723.664204
110,99,3745.766613
28,60,3765.813668
17,109,3787.721689
115,178,3812.662816
91,107,3835.125891
78,109,3857.264398
43,120,3879.57844
-6,127,3902.946537
91,170,3928.077757
0,126,3951.066034
34,58,3953.47799
71,72,3974.673207
89,106,3996.932467
100,117,4019.691202
48,120,4042.409781
63,47,4044.468343
112,101,4066.236474
118,128,4089.132221
151,85,4092.705225
75,65,4112.950719
-1,89,4134.025945
23,70,4137.046788
42,99,4158.858648
70,158,4182.973483
64,80,4203.584517
-5,68,4206.308834
-8,119,4227.830016
16,98,4248.797537
64,81,4268.908227
-1,110,4290.366719
4,64,4292.976337
2,115,4314.79198
79,66,4317.496705
18,55,4336.87058
36,87,4357.619032
-1,129,4380.136657
-2,92,4383.951022
130,95,4405.341791
36,131,4428.121134
1,96,4449.646945
88,53,4451.77101
136,70,4472.023011
43,216,4498.453784
53,56,4518.00349
-1,98,4538.81397
5,103,4543.053056
78,127,4565.704371
1,99,4587.698501
90,77,4609.76346
-1,80,4613.131567
0,83,4635.089611
107,77,4656.823853
51,101,4660.881747
65,99,4682.946342
110,82,4704.345882
84,59,4706.73126
-13,113,4729.604023
5,96,4751.427372
20,101,4773.633242
97,58,4775.990532
98,65,4796.483956
5,124,4820.326362
45,74,4823.046438
61,55,4844.088537
31,88,4847.433605
1,87,4869.604793
0,115,4892.335972
0,88,4915.141298
92,64,4917.256336
43,66,4939.318759
8,103,4943.051084
-2,90,4965.410375
61,99,4988.670097
50,71,5011.524462
6,105,5014.32714
124,65,5037.388407
16,100,5061.683915
101,73,5063.541976
10,90,5087.480231
68,69,5089.465879
63,78,5113.459519
-1,101,5138.447248
96,107,5164.0114
103,63,5165.637313
1,113,5190.996574
139,79,5215.186318
101,67,5216.903645
-15,88,5240.76325
96,91,5264.139391
94,65,5266.075391
94,52,5288.535616
0,113,5292.011639
138,73,5315.243195
56,72,5337.601491
87,74,5340.061218
78,64,5362.179524
-11,102,5365.472556
1,111,5389.154197
118,62,5410.863377
39,71,5413.326906
77,64,5435.494397
108,59,5437.387079
-15,106,5460.678604
64,53,5481.31265
-1,97,5485.008081
15,94,5506.847675
66,59,5508.849766
-2,95,5531.089201
108,59,5551.217148
22,70,5554.046904
-6,94,5576.409685
39,78,5597.512023
128,72,5600.358776
4,111,5623.121949
36,73,5643.524878
38,73,5646.438799
82,76,5667.261278
-3,100,5671.107848
78,69,5691.707819
-12,110,5713.531425
0,94,5733.840274
29,78,5736.976089
122,81,5757.414496
47,82,5777.999933
0,84,5781.394884
97,72,5802.023062
-13,105,5823.575635
-16,105,5827.999581
111,77,5848.558023
9,99,5869.091303
-10,75,5872.178689
-1,109,5893.819104
0,82,5914.311559
84,63,5916.886683
0,102,5938.146462
54,94,5959.452267
82,56,5961.6224
63,63,5981.380502
59,50,5983.45584
0,121,6005.338967
112,66,6025.113359
48,100,6029.27226
-1,116,6051.186038
2,134,6073.807647
-1,117,6095.433418
44,104,6116.845719
101,49,6118.855677
7,101,6139.516162
146,140,6162.438555
112,63,6181.35169
118,75,6184.451339
121,83,6204.86919
19,97,6225.942398
118,59,6228.385893
85,128,6251.539302
8,84,6272.398458
117,70,6294.537181
9,100,6297.900001
78,87,6319.805205
-8,94,6342.367854
0,116,6365.792763
0,149,6390.036676
5,102,6413.685852
115,73,6415.780043
90,80,6438.263195
49,76,6440.709049
83,74,6463.74419
-6,151,6488.839442
-18,96,6512.709665
-5,100,6536.610537
-10,142,6562.382858
104,37,6563.380567
0,101,6587.853127
59,133,6612.378737
51,103,6636.163091
115,111,6660.239025
1,117,6663.672777
0,115,6687.832012
110,77,6711.333905
66,64,6713.216022
112,111,6737.827456
-3,129,6762.602553
0,147,6788.854447
59,55,6812.391747
-1,124,6837.727331
23,57,6839.234305
79,60,6862.84223
60,87,6865.076601
127,74,6889.565655
94,74,6913.449207
43,55,6914.852837
-13,111,6939.786202
84,103,6964.387123
71,122,6989.378819
81,86,6991.58533
71,90,7015.833786
69,59,7039.684375
-4,108,7042.628482
-5,124,7068.256383
98,76,7091.589302
79,71,7093.430027
66,53,7116.449144
30,251,7164.644698
83,81,7166.866133
9,95,7189.389741
-6,105,7212.207056
77,113,7235.781527
6,70,7237.97465
74,56,7259.75177
-5,109,7282.815706
0,113,7306.08324
112,60,7308.480097
103,82,7330.069812
0,105,7352.035866
58,106,7355.925665
93,88,7377.742222
107,58,7397.475892
-6,139,7419.97187
-1,105,7424.487985
65,92,7445.538547
129,91,7466.236015
137,69,7469.17734
-6,96,7490.188838
84,76,7510.113408
33,91,7513.859329
109,91,7534.361897
52,77,7555.09308
93,77,7558.24645
45,78,7578.355485
0,164,7601.588314
137,58,7621.254506
23,60,7623.67262
102,74,7643.735196
104,74,7646.699839
0,114,7667.894489
45,87,7688.556398
-5,142,7711.52757
40,65,7731.413475
124,65,7734.122144
7,153,7757.385367
0,104,7778.3957
6,148,7801.550183
92,61,7821.433146
23,88,7825.024007
15,91,7845.350472
147,75,7865.52797
70,85,7868.969328
39,87,7889.707315
0,110,7911.251124
72,53,7913.388262
0,95,7934.416141
109,70,7954.823173
-1,112,7959.445008
78,71,7979.375855
86,62,7999.274773
106,60,8001.81966
126,53,8003.983708
48,89,8024.674303
46,124,8046.777769
85,76,8067.200319
0,121,8089.242863
67,69,8092.05927
39,70,8112.075076
56,61,8114.582249
0,115,8136.697933
103,62,8157.075106
109,62,8159.390548
18,94,8180.582751
116,57,8182.891162
54,137,8206.436984
104,78,8228.268072
115,50,8230.274056
124,98,8252.609292
23,97,8275.37195
9,117,8298.562587
17,85,8301.569554
97,107,8323.85505
0,208,8371.156361
37,129,8395.771663
129,81,8398.305443
-5,157,8445.669679
72,80,8448.062065
-5,142,8473.092208
102,61,8496.856831
88,87,8521.381073
28,57,8522.863082
57,56,8524.289059
103,54,8548.544152
0,133,8574.55191
71,65,8576.25277
130,68,8600.091834
26,70,8624.02005
0,104,8626.793739
82,50,8650.748507
159,75,8652.816617
78,56,8676.773209
-1,83,8678.953812
-3,77,8703.129845
-6,81,8727.167004
-23,127,8752.436429
2,109,8755.294136
0,112,8780.33217
0,89,8804.573886
114,60,8827.452169
-14,102,8830.582262
0,108,8854.352547
136,103,8878.302186
104,58,8879.755731
17,90,8903.019265
68,54,8923.602833
84,85,8926.871157
-5,127,8950.431879
126,57,8971.197344
18,130,8994.918837
0,114,9018.018202
2,108,9022.087785
121,56,9042.638837
61,86,9045.629915
124,58,9066.523444
33,97,9088.208957
-11,87,9091.719126
84,52,9111.582667
71,69,9114.38919
-3,74,9135.248545
39,66,9138.00401
150,79,9158.001765
80,66,9177.369499
33,61,9179.77149
99,58,9182.196816
13,101,9203.399481
14,105,9224.693545
28,93,9245.468026
82,53,9247.572831
-10,142,9270.557979
-6,120,9292.973957
40,59,9313.121454
106,69,9315.925614
-9,107,9338.05755
29,83,9358.808172
-7,76,9362.070272
0,126,9384.447158
14,71,9404.666851
66,78,9425.413411
116,97,9429.350848
0,160,9469.950314
-7,170,9494.198723
83,48,9496.169304
0,107,9518.070236
-15,120,9539.975679
121,59,9542.494998
23,116,9564.773157
-1,122,9587.546958
-6,185,9629.653079
40,55,9631.929617
67,56,9651.62854
96,64,9654.300189
102,53,9673.219512
-1,159,9696.537584
122,59,9698.945486
-5,128,9721.477324
105,80,9741.861176
-3,187,9766.082212
120,44,9784.896128
54,88,9788.509518
137,61,9808.141331
72,56,9810.455601
6,108,9832.454633
3,115,9853.797256
83,70,9873.914153
21,108,9878.222772
107,68,9898.021911
16,95,9918.674985
103,90,9922.26061
0,176,9963.530543
-6,132,9985.896408
81,82,9989.348616
50,60,10008.863464
-2,121,10031.234118
81,85,10051.273546
67,81,10054.482896
140,53,10073.709482
0,124,10095.610735
97,70,10098.454007
-6,139,10121.436183
61,67,10141.315203
-1,162,10165.263298
10,64,10167.951657
48,67,10188.393045
-4,172,10212.738635
80,55,10232.213456
28,137,10255.471666
-5,214,10281.999129
21,122,10304.664752
-10,168,10346.802692
99,52,10348.892127
49,87,10369.989683
109,60,10372.484234
0,124,10395.076175
6,104,10416.869041
18,86,10437.830833
50,103,10460.356094
145,59,10462.664513
129,67,10483.316476
27,58,10485.599237
92,68,10505.903897
103,66,10508.448171
45,107,10530.15848
163,70,10533.020707
105,86,10553.992803
113,79,10575.341943
82,99,10579.2948
-2,175,10622.508947
6,125,10646.397741
22,112,10669.844159
-1,118,10694.196433
95,56,10695.897537
89,117,10719.792423
16,77,10742.519283
85,80,10744.809769
20,117,10769.16999
-6,116,10793.271225
165,58,10795.355962
112,77,10817.714334
0,106,10842.119968
60,64,10844.103003
-7,134,10869.880385
132,60,10892.479846
20,81,10916.406656
51,75,10918.354903
19,91,10942.882852
-7,96,10968.419807
-40,195,10995.794698
82,63,11018.681779
0,121,11043.286815
76,71,11045.337473
-30,244,11094.870999
1,110,11118.966645
-11,54,11120.358437
2,116,11145.244907
72,71,11168.278399
0,115,11192.108969
121,53,11193.619313
26,97,11217.069274
94,81,11219.275343
5,97,11242.06562
-13,336,11309.42179
101,69,11312.229313
0,116,11334.735946
31,73,11354.656486
12,125,11376.865181
67,54,11379.087263
65,72,11399.280797
141,63,11401.830917
142,65,11421.486697
109,63,11424.158595
0,123,11446.045572
83,69,11466.360298
10,87,11487.102509
-14,134,11509.67898
83,72,11512.633002
63,79,11532.408679
84,15,11533.043056
44,74,11536.088868
48,89,11557.005024
0,129,11579.432052
-31,242,11623.715779
3,92,11645.092045
5,85,11648.586232
55,85,11669.061076
4,67,11688.831351
108,54,11691.082898
119,62,11710.80625
6,105,11715.128294
74,57,11734.95351
-2,101,11756.271141
1,110,11760.839151
16,94,11781.551302
6,96,11802.152656
0,95,11823.300647
0,113,11844.831754
33,84,11848.346019
116,50,11867.648788
59,77,11870.90329
101,77,11891.234854
102,82,11894.655227
-6,89,11915.614185
21,99,11937.160587
105,56,11939.451611
81,56,11959.014407
115,86,11962.477639
117,51,11981.643498
0,102,12003.131539
0,109,12007.554558
73,48,12026.756072
79,54,12029.031422
91,59,12048.713913
2,122,12071.268693
90,65,12074.089338
0,109,12096.038654
119,56,12098.453789
26,80,12119.095997
103,68,12139.186232
143,50,12141.26801
106,66,12161.3226
90,60,12163.796252
0,118,12186.217595
75,52,12188.384909
-1,104,12210.18234
107,60,12230.031929
-1,116,12252.13196
-5,119,12257.187748
122,55,12276.71312
-5,88,12297.634912
128,53,12299.894578
15,125,12322.499828
19,98,12343.891235
-6,99,12365.323407
20,101,12369.552973
124,58,12389.286568
155,66,12392.022108
0,99,12413.537639
67,64,12433.335439
123,73,12436.379021
107,53,12455.847094
-1,101,12460.024014
121,60,12480.032428
1,78,12483.192107
52,102,12504.70711
0,111,12526.040687
143,52,12528.094708
5,142,12567.607631
13,124,12590.082817
0,101,12594.386229
-7,112,12616.469041
5,115,12638.678599
-12,129,12661.651604
-31,142,12684.872715
-1,81,12705.587581
-5,117,12727.810693
59,68,12730.619152
113,54,12749.848561
80,51,12751.907498
34,63,12772.043383
6,98,12776.067466
80,52,12795.574167
53,49,12797.618288
16,64,12817.725988
112,79,12821.027869
-15,115,12843.011114
98,47,12862.297099
99,52,12864.396396
0,136,12887.388716
64,54,12889.667704
-23,81,12910.023854
14,103,12930.89079
93,55,12933.202734
82,69,12953.282072
-4,65,12955.904576
28,79,12975.760818
-5,108,12997.096665
162,67,12999.915348
1,141,13022.954807
191,65,13043.383695
107,71,13064.077349
54,51,13065.868258
87,50,13067.905624
2,113,13090.251674
107,61,13111.926861
-10,101,13115.35855
52,88,13137.688814
-4,92,13161.140783
-1,117,13186.04524
50,10,13186.317891
-14,99,13210.485403
139,50,13211.785089
-1,89,13236.072402
0,95,13238.929157
0,99,13263.133044
4,77,13287.027829
7,104,13311.61725
36,96,13314.115864
37,61,13337.524387
121,60,13339.087121
119,68,13362.944361
20,106,13388.590466
0,100,13391.258859
150,56,13414.48322
-5,94,13438.273327
105,64,13440.030427
23,55,13462.863459
80,42,13464.100258
10,73,13465.989705
13,81,13489.4828
0,90,13512.505005
0,96,13534.724651
54,53,13537.002264
91,40,13538.12621
86,57,13559.877204
0,85,13562.647685
21,98,13586.356319
109,54,13608.014946
118,52,13610.229564
94,64,13611.909888
127,52,13634.109026
29,75,13636.30672
-17,105,13660.217179
145,74,13682.678541
120,56,13684.370068
5,108,13707.938118
0,128,13732.037919
1,121,13755.970618
95,54,13776.811816
63,60,13779.339615
7,79,13801.718662
-1,85,13804.656623
-1,99,13827.831042
118,51,13829.185189
28,86,13851.434087
5,90,13873.380924
126,45,13875.133548
47,60,13896.33897
13,112,13918.572507
10,79,13921.971611
111,55,13941.674454
10,90,13945.478522
11,85,13966.867237
128,66,13969.368633
98,57,13989.410467
55,58,13991.818191
29,88,14012.740535
96,19,14013.544337
81,37,14015.052169
0,101,14037.142205
83,88,14057.512973
41,41,14059.159104
3,89,14080.239161
137,60,14082.732826
-2,77,14102.922824
69,51,14105.077422
73,51,14123.807618
149,58,14126.161146
-1,85,14146.076861
99,47,14147.951437
95,68,14168.146266
54,63,14170.738463
-5,102,14191.929284
0,75,14212.251745
5,68,14215.111683
97,64,14234.980477
34,81,14238.264964
16,60,14257.776847
102,47,14259.735526
-2,92,14280.223268
95,24,14281.238373
126,69,14301.481747
110,60,14303.939166
48,50,14323.292348
7,84,14326.650531
107,78,14347.416196
-5,81,14350.713324
-1,82,14371.7997
57,53,14373.965595
8,87,14395.233236
44,54,14414.336446
-6,85,14417.818304
96,44,14436.948718
123,53,14439.239469
73,75,14459.781159
1,107,14464.235129
13,76,14484.256224
47,79,14504.69497
132,58,14507.066217
32,72,14527.348213
0,101,14531.420205
-6,90,14552.560021
22,65,14572.782567
106,45,14574.585052
181,54,14576.790089
128,49,14596.303724
-5,101,14617.995375
98,36,14619.495224
127,74,14622.603394
-6,169,14664.256353
58,48,14666.17351
61,58,14685.937596
118,69,14688.800543
135,70,14708.999567
23,91,14712.760741
0,104,14734.600924
8,97,14755.977742
89,50,14758.109864
0,88,14778.882762
127,55,14781.081228
142,53,14800.696449
75,56,14803.01958
143,55,14821.802578
75,62,14824.408519
-4,99,14845.914313
64,59,14848.413117
-3,93,14869.875338
-14,100,14890.647379
7,87,14912.1238
3,105,14916.471769
0,87,14937.529862
54,55,14957.024109
55,57,14959.414256
98,50,14961.464187
53,94,14982.648426
-7,86,15003.580278
83,61,15006.067987
104,53,15025.622137
189,48,15027.632997
143,53,15047.017084
85,54,15049.319317
74,85,15070.002504
110,91,15073.745416
122,55,15093.466641
137,51,15095.588903
58,68,15115.324148
160,58,15117.792802
91,60,15137.379784
157,61,15139.859802
26,102,15161.36857
157,68,15164.220253
0,67,15184.433493
40,61,15186.974187
-4,81,15207.459548
116,53,15209.681476
81,31,15228.022446
98,76,15231.180321
0,68,15251.278717
161,50,15253.295346
13,78,15273.822965
125,62,15276.305147
158,52,15296.00121
0,98,15300.156248
91,49,15319.757904
89,25,15320.827763
93,76,15340.728565
0,74,15343.798019
-6,71,15363.787822
113,47,15365.708109
19,78,15386.443836
13,76,15389.540492
37,54,15408.711682
-4,89,15412.324547
151,67,15432.446006
0,92,15453.505659
16,90,15457.114312
3,86,15478.064831
-1,76,15498.600903
79,61,15501.125565
45,86,15522.072836
86,71,15524.974317
-1,99,15546.662304
97,22,15547.614765
109,67,15567.086726
150,50,15569.202496
0,119,15591.406961
130,42,15593.189493
84,59,15612.936908
9,77,15633.35737
88,43,15635.161365
116,50,15637.301272
28,83,15658.154392
36,67,15660.998635
158,69,15681.346114
-1,92,15701.675764
40,52,15703.813433
104,24,15704.763456
-19,140,15727.409159
116,52,15746.173189
-23,133,15768.936502
81,56,15771.229098
76,53,15790.499228
80,56,15792.742708
128,57,15812.945563
163,56,15815.168412
133,36,15816.609823
90,44,15836.148044
17,88,15839.834256
149,78,15860.700978
122,61,15863.223339
39,55,15883.414483
101,36,15884.886149
-1,84,15906.436655
77,43,15908.210901
16,85,15929.927423
-1,98,15952.526494
-3,74,15955.274643
161,48,15957.257126
2,88,15979.150072
60,51,15999.160435
-6,82,16002.366788
135,48,16022.021853
2,98,16025.613601
169,61,16046.82428
108,59,16049.236486
-15,113,16072.185449
61,54,16094.013808
59,89,16096.863056
1,93,16119.369539
-1,97,16142.815807
29,85,16145.81671
7,83,16168.434206
0,90,16191.316585
171,56,16193.129646
149,59,16215.033516
163,48,16216.309608
128,87,16240.448732
91,58,16242.156686
120,56,16264.844669
0,90,16267.663493
160,55,16290.000962
156,63,16291.874959
47,70,16314.825573
147,65,16316.859041
84,51,16338.914699
12,80,16341.496103
117,69,16364.516618
75,54,16366.327513
11,95,16390.150045
-5,96,16414.06185
0,87,16417.140124
116,73,16439.586394
99,91,16462.863155
134,69,16465.422039
136,79,16487.647391
103,54,16489.894291
89,28,16510.301091
16,85,16512.853361
111,57,16534.721793
108,52,16536.111356
11,94,16559.190403
78,58,16560.975135
61,57,16583.690103
17,93,16586.698828
-1,85,16609.75044
123,92,16633.761425
104,49,16635.021029
112,55,16657.809284
0,80,16659.906808
72,59,16683.124076
27,72,16685.012845
145,58,16707.912871
40,89,16710.471773
-5,103,16734.633289
0,73,16757.890242
0,78,16759.89444
1,84,16783.695237
0,82,16807.729098
0,90,16810.117039
3,96,16834.600401
63,74,16858.43475
98,49,16859.707233
163,48,16861.059216
3,77,16884.686174
5,83,16909.877596
-2,76,16911.886363
46,42,16935.439734
2,101,16938.11037
20,67,16962.217307
-1,67,16986.504356
39,80,16988.631382
100,46,16989.884633
83,54,17013.708228
15,87,17038.979437
118,57,17040.512027
43,49,17041.79846
66,84,17066.906568
153,48,17068.182248
27,83,17092.861325
11,84,17116.943976
81,67,17118.693702
5,78,17143.090239
84,65,17144.791951
126,52,17168.74048
71,48,17169.990005
19,54,17193.442302
0,93,17195.864189
4,101,17220.671922
0,111,17246.016758
0,83,17269.959691
88,56,17271.43781
-6,79,17295.825301
91,48,17297.062429
94,40,17298.120146
144,53,17321.882874
0,81,17324.07808
120,69,17348.052028
8,87,17372.150967
125,40,17373.213924
142,56,17374.733069
130,47,17398.346234
94,89,17400.731896
158,46,17424.732435
84,57,17426.308021
5,92,17450.963967
168,61,17452.763977
129,51,17476.490469
118,48,17477.784028
0,113,17502.907157
150,70,17526.598154
0,83,17528.738295
23,96,17553.972234
92,50,17555.287998
0,76,17580.157143
0,85,17604.881506
3,82,17607.090287
5,79,17631.804417
97,92,17656.093477
50,54,17657.499646
0,93,17682.712237
1,77,17684.736765
22,102,17709.333472
15,89,17733.508134
80,56,17735.002092
154,55,17758.492401
100,63,17760.1801
0,99,17784.143437
0,116,17808.844769
78,59,17810.525313
6,105,17835.346643
99,124,17860.999074
86,63,17885.154288
155,48,17886.395674
28,87,17910.397762
137,59,17911.991858
2,119,17936.872213
34,51,17959.832834
0,97,17962.37358
32,44,17985.363269
58,60,17986.939769
78,64,18010.554516
109,54,18011.97434
7,71,18036.088558
58,101,18038.736637
113,63,18062.131439
0,100,18086.624012
30,55,18088.025934
132,62,18112.148636
94,60,18113.747402
150,49,18115.023453
8,104,18140.177743
94,76,18164.383343
0,85,18166.585746
112,60,18189.749578
103,61,18191.420202
8,78,18214.657275
144,49,18215.90912
0,98,18239.701336
157,49,18261.23347
51,54,18263.192683
90,74,18285.811242
-6,88,18288.81299
17,83,18311.782028
-4,105,18335.283492
115,50,18337.023476
143,66,18359.033912
96,49,18360.85484
135,54,18362.264104
119,53,18384.544998
-1,94,18407.568294
136,54,18409.598097
70,66,18431.060689
-2,117,18435.089653
0,83,18457.992398
73,56,18479.922712
131,50,18482.030886
88,52,18483.452964
56,19,18483.955047
43,71,18507.481164
0,87,18530.46373
0,95,18533.222141
-10,80,18556.507221
81,68,18579.022609
126,68,18581.197749
83,31,18582.000865
0,119,18606.022314
7,51,18628.309372
131,54,18630.038574
4,60,18652.360546
18,69,18654.593502
60,57,18676.634107
116,69,18678.945693
51,90,18703.24866
120,49,18704.50892
130,54,18727.699688
0,96,18730.437475
47,62,18754.231401
18,87,18777.880561
127,57,18779.571145
106,71,18802.457788
139,53,18804.167553
0,111,18828.679278
78,76,18830.658
164,47,18853.520908
4,71,18855.368765
16,94,18879.172889
20,60,18901.314351
85,57,18903.249839
-10,80,18925.813533
0,86,18928.484073
95,28,18949.785793
-8,95,18952.835952
-27,57,18975.469674
175,59,18977.189969
50,88,19001.560601
26,98,19025.511559
7,90,19028.075673
154,68,19051.949488
-3,92,19075.648748
111,57,19077.552431
79,67,19100.767957
146,53,19102.620499
-3,97,19127.312244
0,99,19129.922759
104,63,19152.976196
149,50,19154.292165
103,50,19176.807484
127,62,19178.527685
33,74,19201.58601
55,9,19201.814274
50,64,19203.521187
85,69,19226.592038
139,72,19228.507312
118,52,19251.116266
127,47,19252.340851
42,70,19275.578819
103,55,19277.038267
-30,66,19299.130402
7,87,19301.782209
-16,80,19324.467764
46,77,19345.987291
4,85,19348.990402
0,91,19371.573807
-22,67,19392.673307
93,51,19394.69178
10,87,19415.823857
141,53,19417.991784
15,94,19440.160215
62,54,19442.452318
192,42,19462.16203
5,95,19466.178761
3,79,19487.944302
37,70,19490.47708
22,63,19511.479978
161,58,19513.60058
3,89,19535.726102
-6,96,19557.934039
106,46,19559.797626
5,91,19581.289505
9,78,19601.664862
85,42,19603.383589
0,88,19624.044275
1,86,19627.605349
2,73,19648.050854
117,53,19650.265276
-4,92,19671.212965
132,59,19673.639766
45,95,19694.86529
60,79,19715.399315
61,63,19718.033412
109,55,19736.843702
124,52,19738.89005
4,79,19758.876597
0,77,19762.041102
12,100,19783.521512
3,100,19805.257398
7,74,19808.3232
123,53,19827.871497
148,72,19830.875252
26,76,19851.227645
39,81,19871.468188
4,99,19875.44164
153,50,19894.76872
92,61,19897.140689
4,144,19920.358815
-6,80,19940.817629
76,52,19942.861663
0,91,19963.297456
103,56,19982.937613
1,85,19986.347009
29,79,20007.018493
5,100,20028.158467
133,57,20030.578679
1,104,20052.259946
-2,100,20073.573887
153,44,20075.330105
10,84,20096.401221
80,72,20099.321524
25,75,20119.288178
44,88,20122.989026
-1,93,20144.59927
106,54,20164.278982
97,52,20166.486835
-4,76,20187.147173
12,89,20190.848082
0,69,20210.834445
101,77,20214.100878
129,50,20233.544619
54,69,20236.422049
-19,87,20257.191282
167,60,20277.257963
-5,72,20280.297382
114,78,20300.679189
34,57,20303.075722
68,88,20324.110463
143,51,20326.217368
10,99,20347.889158
17,66,20367.581175
104,63,20370.271214
145,59,20372.731506
-5,89,20393.303748
-17,84,20414.235837
92,52,20416.345069
128,49,20435.637435
50,64,20438.273824
5,94,20459.538677
116,69,20462.444987
130,53,20482.093186
12,84,20485.760313
116,31,20504.408099
15,85,20508.051657
23,77,20528.16169
140,51,20530.27386
0,96,20551.836035
-13,59,20572.031896
16,82,20575.566992
-10,66,20595.652534
0,94,20599.400888
9,75,20619.871499
65,56,20639.745613
94,49,20641.816946
0,84,20662.541243
17,71,20665.522249
0,89,20686.861627
103,48,20688.799386
76,56,20708.708978
180,49,20710.709268
146,43,20712.39538
79,48,20731.711925
122,47,20733.668906
-5,90,20754.784058
0,105,20776.671203
0,70,20779.69807
-7,67,20799.606848
68,74,20802.668519
160,51,20822.078849
132,50,20824.1692
128,60,20844.27371
81,64,20846.913304
30,93,20868.184974
0,108,20889.240141
82,54,20891.420122
56,74,20912.151923
112,72,20915.162563
96,53,20935.017572
0,102,20939.265341
141,44,20958.766561
3,83,20962.20219
-3,90,20983.392064
0,97,21004.906945
91,54,21007.105146
23,90,21028.526037
148,55,21030.801428
80,50,21050.32366
-1,86,21053.839596
103,84,21075.17801
15,61,21095.220475
20,72,21098.215613
116,53,21117.782065
102,57,21120.098672
76,65,21122.764547
96,67,21142.926178
1,93,21164.357348
0,92,21168.30367
17,66,21188.719333
-5,84,21210.01542
9,81,21213.370832
113,55,21232.88628
3,66,21235.632869
-20,62,21255.681072
96,62,21258.235715
173,56,21277.940378
0,85,21281.476881
102,62,21301.756406
-5,78,21305.146306
131,60,21324.392373
104,56,21326.799546
60,58,21346.265698
79,75,21349.628697
-10,100,21370.941363
105,81,21391.890985
0,77,21395.153891
-3,66,21415.604576
17,72,21418.685418
27,104,21440.678923
65,29,21441.856381
66,66,21462.205764
160,50,21464.345563
125,46,21483.847316
16,58,21486.205483
33,89,21507.423223
19,88,21529.409793
95,68,21532.226871
127,56,21551.99423
124,47,21554.013718
-1,78,21557.312231
5,108,21578.972414
47,61,21598.996395
0,87,21602.620361
114,38,21621.582511
-3,84,21625.010171
83,64,21645.289172
5,86,21666.376013
20,73,21669.485484
54,58,21689.106499
31,89,21692.863026
113,72,21713.681983
65,86,21734.918078
82,37,21736.46619
168,63,21739.134732
135,54,21758.752495
13,86,21762.328791
-1,96,21783.706326
104,53,21802.747551
0,89,21806.301782
34,67,21826.493826
44,64,21829.176887
23,77,21849.612602
164,51,21851.76352
123,51,21871.219645
3,99,21875.23507
101,59,21894.190301
-5,86,21915.259697
68,57,21917.635105
83,73,21937.960366
125,44,21939.730178
147,62,21942.279896
32,59,21962.413664
99,58,21964.797591
115,28,21983.300309
81,58,21985.780866
0,99,22007.330534
-6,106,22028.781008
4,84,22032.229666
6,76,22052.738237
169,54,22055.002336
26,91,22075.956287
28,71,22096.556026
138,57,22098.882903
142,60,22118.900481
0,82,22122.309957
108,56,22142.009496
117,54,22144.38643
68,13,22144.890287
0,89,22165.882895
72,19,22166.676524
-17,80,22187.29768
91,42,22189.140565
146,36,22190.60496
102,31,22191.919268
0,105,22213.717553
69,66,22233.880339
8,74,22236.989593
-2,100,22258.398681
63,75,22278.372422
72,89,22282.081897
67,66,22301.896689
120,62,22304.43089
92,48,22323.725156
92,27,22324.854816
-3,88,22346.078108
13,72,22348.962933
13,116,22371.335429
10,99,22393.098572
105,80,22414.041148
90,49,22416.061204
62,50,22418.131292
77,79,22439.138689
133,63,22441.616763
144,65,22462.312705
28,53,22464.53659
130,55,22484.499196
44,68,22487.384578
163,57,22507.532445
52,78,22510.778326
102,52,22530.008861
-4,88,22533.745948
7,54,22553.534907
120,66,22556.166043
9,63,22575.828849
48,72,22578.800545
4,64,22598.850838
90,48,22600.87166
-5,90,22622.443866
152,30,22623.702592
-6,90,22644.918633
125,75,22665.844754
155,53,22668.052918
125,34,22669.475286
21,86,22690.548166
141,47,22692.52806
79,49,22711.381826
48,65,22714.044075
16,79,22734.160644
129,61,22736.665602
121,54,22756.136782
135,47,22758.15686
7,87,22778.775359
48,101,22800.534648
130,53,22802.744265
65,56,22805.039562
25,78,22825.769682
0,112,22848.237237
23,101,22870.208956
102,41,22871.886565
108,50,22873.977525
0,104,22895.405306
65,58,22915.553845
0,94,22919.454433
0,95,22940.75792
1,91,22962.455579
83,10,22962.857619
9,74,22965.907374
95,39,22984.854434
-17,70,22987.77254
-4,105,23009.625255
76,64,23029.841811
-5,106,23034.182107
22,80,23055.261765
-3,89,23076.50012
25,88,23080.122602
143,48,23099.548597
55,64,23102.13686
72,64,23122.664536
164,48,23124.509184
96,50,23143.417012
85,58,23145.802081
94,33,23147.22768
121,58,23166.806875
0,96,23188.33308
30,82,23191.732212
-1,90,23213.153736
83,57,23215.416223
102,49,23235.242129
33,53,23237.434044
15,51,23256.952682
113,55,23259.270993
150,42,23260.955556
161,53,23280.221416
0,81,23283.524639
96,62,23303.599523
25,74,23306.648108
90,69,23327.209939
22,66,23330.078314
132,60,23350.90823
-1,90,23372.714993
203,52,23374.855878
75,50,23376.911944
82,56,23395.510305
0,101,23417.328254
0,82,23420.811466
0,65,23440.913445
158,44,23442.719665
23,96,23464.37081
17,68,23467.317926
97,60,23487.409741
146,58,23489.665413
74,55,23508.707356
168,50,23510.75766
57,11,23511.231992
-1,87,23532.753576
52,47,23534.672062
123,71,23555.154135
162,57,23557.514294
115,50,23577.743911
125,53,23579.812979
139,28,23580.960293
0,93,23602.132282
53,61,23621.513205
111,29,23622.744829
0,82,23626.197108
6,72,23646.855825
147,66,23649.573276
126,48,23669.252259
-13,74,23672.296352
62,86,23693.617239
148,56,23713.795249
48,73,23716.798199
1,81,23738.326865
7,66,23741.078331
100,76,23761.615183
142,50,23763.608562
150,52,23783.335101
9,89,23787.022457
81,72,23807.835817
189,48,23809.794007
12,87,23831.461451
104,48,23833.531297
0,103,23855.173738
0,98,23877.157595
0,92,23898.768642
14,85,23902.297335
143,56,23922.530846
94,85,23926.069906
87,46,23945.763433
109,47,23947.70217
19,85,23968.817646
144,49,23970.90418
91,57,23990.584818
12,72,23993.545885
0,102,24015.89632
45,56,24018.286107
100,23,24037.233543
12,86,24040.827352
191,53,24060.169177
32,68,24062.96318
67,71,24082.559792
140,48,24084.461699
108,57,24104.388068
67,70,24107.248471
84,58,24126.877561
0,105,24131.163731
23,102,24153.060238
3,83,24173.935718
14,81,24177.225006
-11,87,24198.121959
128,73,24218.760895
45,64,24221.44679
0,92,24242.90833
125,61,24245.411057
40,82,24267.01886
30,67,24287.529893
140,49,24289.559148
0,89,24310.613574
171,66,24313.29501
-1,102,24335.554484
116,53,24337.805356
-6,100,24359.939232
74,58,24380.064167
77,46,24381.985982
165,47,24383.976177
-11,73,24404.290535
41,92,24426.147301
104,57,24428.546905
21,104,24449.907341
19,69,24452.791608
114,19,24471.071563
117,51,24473.201236
8,81,24494.265991
166,56,24496.588769
35,97,24518.065756
154,56,24520.442116
52,52,24540.175738
138,53,24542.348923
91,32,24543.723607
180,45,24563.246196
92,21,24564.128056
104,67,24566.898953
122,50,24586.465635
96,41,24588.132364
8,62,24607.850857
149,36,24609.35111
74,107,24631.237428
68,8,24631.598346
151,64,24634.210631
127,65,24654.400875
117,51,24656.574221
176,26,24657.654064
103,35,24675.923429
73,80,24679.166853
47,57,24698.46083
88,48,24700.523252
-23,64,24720.521847
0,70,24723.503765
62,80,24743.414672
119,52,24745.527628
8,91,24766.535799
25,57,24768.789394
74,52,24787.886724
95,55,24790.13974
79,50,24792.22503
137,53,24811.105737
62,51,24813.130582
128,37,24831.942947
10,87,24835.511426
5,76,24855.913388
6,79,24859.028661
-2,84,24880.25996
-1,88,24901.342459
-5,98,24922.661426
113,64,24925.310992
5,88,24946.884557
81,43,24948.687032
131,49,24968.376182
112,62,24970.950247
69,44,24972.732836
-2,111,24994.248877
1,119,25016.953973
79,54,25036.547619
41,80,25039.90012
38,47,25059.851979
155,58,25062.250957
49,53,25064.422447
133,33,25083.123082
42,51,25085.214644
13,94,25106.103894
17,90,25127.132868
35,63,25129.856216
24,75,25149.567408
139,46,25151.526559
35,59,25153.892964
131,50,25173.701911
38,91,25195.084242
137,60,25197.709432
135,45,25199.558273
87,54,25218.915073
99,70,25221.970343
84,55,25242.122081
82,65,25244.799545
126,65,25264.954131
113,45,25266.887372
140,50,25268.92252
6,75,25288.693624
67,50,25290.756824
164,53,25310.167448
3,78,25313.393698
69,66,25333.297776
101,63,25335.84713
90,51,25355.039569
123,49,25357.05457
107,50,25376.27485
19,87,25379.84805
66,71,25399.716989
3,83,25420.504434
72,56,25422.88706
70,81,25442.789727
124,47,25444.721978
159,74,25465.482851
70,60,25467.999296
-5,80,25488.768878
14,64,25491.510322
9,85,25512.32447
153,59,25514.785295
157,62,25534.752037
18,61,25537.304953
90,57,25556.813655
86,58,25559.168663
56,59,25578.748533
60,68,25581.596394
49,57,25600.914799
123,30,25602.170844
84,86,25605.660688
115,46,25625.123652
66,66,25627.916971
28,63,25647.794241
70,78,25651.012224
140,54,25670.153237
105,53,25672.3471
0,103,25693.83162
155,44,25695.658484
90,75,25716.302449
16,75,25736.983071
2,90,25740.855739
42,71,25761.156183
0,96,25782.450131
-2,94,25786.42761
145,47,25806.241562
98,45,25808.156867
-1,110,25830.370337
119,53,25832.545228
24,67,25852.917857
48,68,25855.789407
104,54,25875.387888
0,91,25896.035708
36,53,25898.257743
176,56,25900.709671
5,72,25921.147835
0,76,25941.852701
29,84,25945.407315
58,78,25965.890139
135,53,25968.074769
-7,74,25988.874628
7,81,25992.260828
13,77,26012.715627
10,68,26033.124913
35,75,26036.203888
-3,78,26056.780401
6,67,26059.538753
84,45,26078.952292
123,48,26080.964336
8,95,26102.086663
107,47,26104.083206
-5,93,26125.033121
90,68,26127.83185
4,82,26149.330183
1,92,26170.876392
105,52,26172.946803
129,51,26192.570199
0,80,26196.010209
125,51,26215.657676
120,50,26217.707818
156,47,26219.642564
18,97,26241.328583
26,67,26261.411852
105,77,26264.538121
-13,102,26285.768636
74,35,26287.221335
190,43,26306.455006
-3,92,26310.273867
132,60,26330.082831
80,67,26332.890275
-6,84,26353.691047
0,88,26374.376281
8,82,26377.783762
54,76,26398.490191
81,71,26401.340482
36,58,26420.508065
134,58,26422.959051
136,55,26442.179208
115,50,26444.199971
152,50,26463.437444
39,59,26465.836939
115,53,26468.033329
65,69,26488.246225
1,96,26509.548034
37,67,26512.297813
41,84,26533.064782
119,61,26535.579009
111,58,26555.305295
135,53,26557.541591
153,53,26577.011534
68,59,26579.485116
11,81,26600.257057
29,89,26604.144104
112,55,26623.804275
23,96,26645.514688
53,56,26647.824549
-1,76,26668.275084
73,78,26671.488939
-5,116,26693.582961
44,72,26713.497481
147,48,26715.552195
102,51,26735.15934
140,52,26737.296145
48,50,26739.348463
13,71,26759.857181
125,55,26762.131088
0,97,26783.79958
7,91,26804.432236
7,85,26808.011215
155,56,26827.70621
44,69,26830.648112
150,59,26850.2458
39,55,26852.47455
-17,77,26872.916349
114,69,26875.824863
111,54,26895.471754
26,97,26917.192961
86,49,26919.262057
2,94,26940.289161
78,53,26942.48137
103,26,26943.503429
0,84,26964.448763
0,85,26985.591597
2,97,26989.658964
140,38,27008.635111
128,54,27010.940635
24,78,27031.66091
5,95,27053.044141
6,73,27056.131262
87,45,27058.037243
0,86,27079.011189
174,64,27099.221077
0,76,27102.524881
26,97,27123.952783
1,79,27144.55359
123,51,27146.690273
0,123,27169.113533
59,74,27189.243243
-8,84,27192.638549
0,93,27213.772539
92,73,27216.688852
34,38,27235.718014
37,72,27238.75045
160,58,27258.072007
19,68,27260.846059
0,82,27281.751959
93,49,27283.737765
13,77,27304.556566
115,59,27306.953967
127,47,27326.549481
17,76,27329.69385
0,87,27350.447525
70,69,27370.607627
28,64,27373.192769
52,65,27393.352219
32,61,27395.787544
25,71,27415.958778
0,85,27419.565545
56,67,27439.471498
-5,67,27442.249902
140,50,27461.973022
0,91,27465.868195
95,53,27484.596427
0,74,27487.548975
133,68,27507.57097
160,57,27510.008833
23,74,27530.605581
140,41,27532.274895
20,73,27552.399593
-5,99,27574.020643
-6,85,27577.54416
136,53,27597.135155
140,50,27599.218461
9,81,27619.361885
133,46,27621.310533
29,67,27641.797571
119,40,27643.494528
-1,82,27664.362087
12,95,27668.179052
0,80,27688.663715
17,63,27691.323929
9,94,27712.045966
144,36,27713.607945
147,55,27733.091396
-1,104,27754.844247
126,51,27756.96627
14,88,27777.965852
61,47,27779.91947
113,48,27798.769681
130,48,27800.789186
136,49,27802.752431
39,83,27823.551093
71,24,27824.59048
35,48,27826.600468
0,111,27848.13985
114,57,27867.722706
22,96,27889.313691
17,104,27893.68224
-1,90,27914.730341
107,65,27934.278864
0,107,27938.823265
6,80,27959.86805
0,70,27980.004259
13,84,27983.480745
180,50,28002.831081
117,46,28004.76484
0,71,28024.738407
136,64,28027.448366
169,43,28029.243733
139,59,28049.001966
53,50,28051.112254
95,34,28052.531011
24,67,28072.618054
44,56,28074.975135
0,68,28095.190561
175,49,28097.126708
118,34,28116.011881
123,42,28117.753024
50,91,28138.329046
105,46,28140.243766
59,66,28159.68049
133,66,28162.371767
3,79,28182.798898
2,87,28186.374713
60,56,28205.02152
13,69,28207.853353
48,68,28227.656662
126,46,28229.53863
-5,101,28250.779282
44,53,28253.086137
116,50,28272.407529
46,63,28275.070204
78,46,28294.176681
0,72,28297.238805
133,54,28316.800486
-1,85,28320.398981
116,48,28339.920265
18,71,28342.814777
167,39,28361.412324
1,88,28365.065622
102,53,28384.170255
58,59,28386.663178
10,99,28407.255752
4,92,28427.880698
-19,90,28431.556434
0,67,28451.54117
56,22,28452.536562
-4,78,28472.620169
27,66,28475.302886
0,78,28495.977411
17,88,28499.73172
8,71,28519.378242
110,46,28521.345315
6,84,28542.334425
30,86,28563.396022
30,80,28566.752876
0,93,28587.640666
2,117,28609.533829
9,99,28630.562529
26,47,28632.440053
6,70,28652.436845
1,59,28654.80496
146,39,28656.396876
0,87,28677.851461
72,15,28678.454403
131,54,28698.66523
0,81,28702.110555
-5,64,28722.702226
56,15,28723.315599
0,85,28744.508324
-5,89,28748.18274
0,88,28769.406919
56,57,28771.774683
17,92,28793.186959
1,73,28813.838504
-1,70,28816.743132
5,87,28837.464115
100,59,28839.922189
39,69,28859.919291
0,91,28880.606684
64,74,28883.738448
1,93,28904.906276
15,81,28925.230955
102,56,28927.450115
73,51,28929.602001
0,80,28950.295731
0,77,28971.094502
88,83,28974.387493
86,49,28994.483369
118,55,28996.469156
0,89,29018.490627
153,69,29021.360481
110,36,29041.289113
142,29,29042.109218
125,58,29044.49985
89,49,29064.752317
1,79,29067.730196
0,77,29089.036352
17,68,29091.86881
62,54,29111.789328
52,69,29114.65984
122,28,29134.207803
16,92,29137.658344
-8,128,29160.672507
170,56,29180.985335
0,83,29184.402544
36,87,29205.861419
129,73,29227.658785
137,45,29229.06759
145,48,29231.051521
110,51,29252.264474
139,55,29254.326147
62,69,29275.944019
7,80,29278.90345
107,60,29300.22488
158,49,29302.214576
-1,71,29324.14033
80,96,29327.995535
107,47,29347.842813
150,38,29349.465972
31,66,29370.29201
3,85,29373.600293
84,71,29394.454322
152,46,29396.392918
48,9,29396.74261
102,46,29417.728143
0,75,29420.573671
0,85,29442.413628
161,45,29444.24076
-5,77,29465.652681
0,90,29487.988871
14,65,29490.500859
-1,91,29512.375852
9,73,29515.393408
15,96,29536.556724
36,83,29558.189047
132,55,29560.419508
69,64,29581.035768
5,96,29584.81148
65,65,29605.469146
37,66,29608.187794
2,72,29629.000422
125,53,29631.262281
15,77,29652.749473
0,91,29674.549683
141,25,29675.603792
30,65,29678.214564
151,50,29698.482507
158,55,29700.771024
85,53,29721.487645
0,85,29725.046907
9,75,29746.359074
-1,94,29768.434247
54,78,29771.4039
142,46,29791.885235
66,67,29794.228325
1,61,29815.737878
3,77,29818.537936
3,71,29840.349695
1,100,29863.736722
-1,78,29866.485845
99,45,29887.317509
72,49,29888.659548
-4,77,29910.933736
56,55,29912.485442
69,62,29915.014562
28,90,29936.93822
120,49,29958.623774
63,55,29960.080542
181,45,29961.988342
121,48,29983.226509
6,72,29985.525229
142,44,30007.046152
35,70,30009.054086
124,48,30031.347335
75,45,30032.53991
158,60,30034.562603
127,52,30056.64573
141,51,30058.034591
94,45,30059.914125
137,50,30081.822861
118,34,30082.729889
52,67,30105.91714
17,54,30107.350157
20,98,30131.396018
-1,72,30133.906616
-5,93,30157.242397
34,72,30180.459618
94,42,30181.56396
126,22,30182.403723
117,90,30205.490752
157,31,30206.621624
-3,75,30229.428934
0,107,30253.305837
0,68,30255.244104
0,92,30278.064906
94,46,30279.498996
54,59,30302.279753
32,76,30304.5959
147,59,30327.081054
-1,83,30329.83901
95,49,30351.657021
207,51,30353.080982
120,50,30375.796021
89,43,30376.95057
84,52,30378.612005
75,42,30400.787177
109,58,30402.343845
98,62,30425.42617
191,53,30426.870378
132,42,30428.192516
132,37,30450.104743
135,45,30451.323391
0,79,30474.65185
1,74,30476.612226
2,79,30500.179058
128,46,30501.371152
29,52,30503.382473
48,51,30525.198556
90,46,30526.606281
143,43,30548.914153
12,84,30551.283146
82,54,30573.660413
-5,76,30575.73328
145,52,30598.467611
0,82,30600.915035
133,28,30622.611482
139,54,30624.047572
94,47,30625.620296
-19,84,30649.025894
74,59,30651.110799
50,51,30673.274295
112,45,30674.565897
91,57,30697.132684
62,85,30699.525434
3,73,30722.446235
0,73,30724.949151
44,48,30747.082288
130,42,30748.193701
68,51,30770.82915
99,49,30772.094079
173,49,30773.635865
48,69,30796.0581
49,48,30797.358775
146,43,30819.786948
139,47,30821.024436
0,73,30823.489689
106,35,30845.744854
-1,72,30847.718714
15,78,30871.246088
33,62,30873.101065
109,47,30895.610999
-2,75,30897.707912
0,74,30921.084003
91,14,30921.46278
11,85,30945.327784
-16,88,30947.879708
-25,90,30971.412487
26,48,30972.971338
67,69,30996.32981
145,46,30997.563452
13,85,31021.63173
33,96,31045.902205
122,43,31047.045444
11,62,31070.783836
139,54,31072.165051
0,93,31096.941431
191,54,31098.35796
-1,95,31123.195449
30,69,31124.986085
108,75,31148.66665
146,50,31149.973741
6,68,31173.52156
-2,88,31197.977387
14,60,31199.564858
-8,62,31222.705959
0,80,31225.035429
4,67,31248.169396
7,78,31250.172111
-9,80,31273.084395
70,20,31273.617595
0,75,31296.40531
28,68,31298.348183
142,56,31320.604803
0,87,31323.254728
-6,92,31346.735001
113,73,31369.547332
5,80,31372.07748
18,74,31395.563213
44,50,31396.902773
5,71,31420.305399
58,75,31422.485064
7,84,31446.173497
0,92,31470.133819
149,49,31471.428519
183,52,31494.230021
137,52,31495.807942
145,53,31497.212219
0,96,31521.310965
69,17,31521.785877
43,78,31545.345585
123,54,31546.743315
0,69,31569.536106
173,49,31570.803155
0,63,31593.121082
-5,82,31595.564045
58,16,31595.988185
19,71,31618.687401
0,91,31641.943223
35,89,31644.364092
-7,76,31667.304148
143,61,31689.898906
89,59,31692.073047
52,50,31693.387441
47,63,31716.319493
15,72,31718.270505
116,58,31740.888594
72,9,31741.123888
111,39,31742.16567
53,78,31765.312436
-1,73,31767.239632
54,55,31789.790509
158,50,31791.146025
1,100,31814.608457
126,57,31816.094708
132,63,31839.255473
41,67,31841.115714
99,58,31863.091754
139,35,31864.13774
121,53,31885.811915
57,87,31888.942897
102,53,31910.797062
167,52,31912.706264
96,48,31933.969815
16,87,31937.012279
0,78,31959.58735
117,53,31961.208393
106,54,31982.602152
170,50,31984.477858
1,73,32006.261287
-6,93,32009.543492
93,46,32030.336944
4,70,32032.917117
105,76,32055.641398
181,43,32057.15953
143,49,32077.70114
78,71,32080.581139
2,109,32103.322792
185,42,32104.752406
114,72,32126.632214
12,71,32129.091745
44,76,32150.438103
88,48,32152.192692
15,53,32172.729447
4,78,32175.585264
-4,86,32197.794476
165,52,32199.449792
173,41,32220.503464
10,100,32242.222883
122,47,32244.219363
105,16,32244.870714
64,54,32246.579415
0,89,32268.823888
38,82,32289.565605
1,83,32292.724188
68,78,32314.46108
10,82,32334.884449
4,93,32338.625074
5,82,32359.856595
10,80,32380.651087
87,62,32383.245018
158,55,32403.336376
97,30,32404.630663
-13,71,32407.32519
20,58,32428.133737
111,38,32429.748834
31,73,32450.81446
2,110,32472.656356
13,99,32476.727793
-1,95,32498.432506
65,75,32519.209961
0,87,32522.844213
5,85,32544.206096
123,48,32546.206932
25,81,32567.232553
126,48,32569.206991
198,49,32589.151204
141,32,32590.504956
1,82,32611.635107
75,52,32613.842598
144,44,32615.529179
0,100,32637.786354
136,33,32638.719952
151,52,32658.958763
-1,77,32661.774506
-1,101,32684.730067
168,51,32704.987181
127,55,32707.378729
-7,92,32729.517352
10,82,32732.531759
65,73,32754.155347
9,72,32775.373264
126,47,32777.298393
0,93,32799.279552
7,66,32802.103601
143,38,32822.134785
35,64,32824.771883
0,99,32847.636226
63,60,32850.018985
-3,61,32871.788438
5,95,32874.999318
108,47,32896.039862
0,78,32898.686835
-3,95,32921.516298
28,89,32942.988995
162,45,32944.857115
59,64,32965.480589
17,52,32967.662653
108,20,32968.3578
126,53,32988.614487
18,95,32992.20895
0,87,33014.360873
-1,95,33035.670661
-1,78,33038.702026
5,76,33059.799565
76,50,33061.710641
116,37,33081.038999
136,48,33083.0795
0,76,33104.5189
136,45,33106.443273
75,86,33127.495971
162,46,33129.452335
46,66,33150.126813
59,69,33152.993319
131,65,33173.015974
-1,72,33176.00533
9,73,33196.416367
85,19,33197.263101
-1,85,33218.071979
-9,96,33222.12431
0,68,33241.905985
171,38,33243.4947
133,50,33262.810392
-1,92,33266.668035
8,87,33287.412365
153,53,33289.592515
48,53,33309.220702
33,61,33311.825881
18,80,33333.116499
69,44,33334.96304
157,50,33354.083557
79,75,33357.192885
125,34,33358.632365
-3,77,33378.88857
169,48,33380.818144
117,51,33399.38834
98,52,33401.53234
145,59,33421.583547
7,84,33425.117459
0,79,33445.907821
90,28,33447.137879
-18,98,33468.661641
133,40,33470.319636
0,94,33491.446003
19,67,33511.072677
114,45,33512.927516
8,89,33534.028363
0,93,33537.829784
58,47,33557.338679
1,71,33560.457252
86,18,33561.242379
89,70,33581.656228
99,30,33582.789498
103,47,33601.994198
135,60,33604.483836
30,68,33625.048467
87,45,33626.838881
120,44,33628.610482
102,42,33647.764658
102,51,33649.860462
53,73,33670.006081
-1,84,33673.480366
106,50,33692.915974
141,49,33694.917484
160,40,33696.531377
11,81,33717.021251
158,48,33718.990513
74,59,33738.187775
0,73,33741.310726
94,43,33760.084742
99,65,33762.652164
1,92,33783.993905
137,32,33785.359625
108,50,33804.400004
125,49,33806.386754
0,69,33809.23595
66,59,33828.974642
137,62,33831.58419
0,85,33851.830238
26,72,33872.054773
171,35,33873.533801
30,72,33876.506697
102,50,33896.24763
11,89,33917.691621
91,76,33920.99312
116,28,33922.212846
0,70,33942.695476
174,50,33944.818159
127,57,33964.337874
16,83,33967.907736
125,44,33987.274948
-1,65,33990.076567
49,53,34010.080974
14,70,34013.017953
147,46,34032.582761
3,89,34036.32842
6,76,34056.473081
14,87,34077.215582
1,106,34081.687716
40,57,34101.280344
-1,88,34104.857578
12,78,34125.745725
14,84,34146.500721
120,45,34148.314944
118,41,34149.992228
154,51,34169.664428
134,51,34171.869557
39,58,34191.752224
10,69,34194.602249
124,47,34213.787904
11,76,34217.058816
118,52,34236.766031
13,74,34239.832415
0,82,34261.01388
1,94,34282.042491
6,79,34285.192753
0,101,34306.364006
148,61,34308.843447
130,50,34328.313658
-5,91,34349.726239
56,50,34351.812135
0,87,34373.073433
25,60,34375.550701
130,39,34377.110455
163,44,34396.182248
-17,85,34399.645616
7,91,34420.552633
117,60,34441.158494
121,86,34444.723214
32,74,34465.60496
114,52,34467.759918
142,29,34468.971556
34,71,34489.044584
-14,72,34509.348106
136,50,34511.354987
-1,80,34531.57651
100,54,34533.812886
-6,76,34554.122362
163,44,34555.937735
124,55,34558.167722
5,98,34579.687989
4,91,34600.995277
40,55,34603.227192
-2,96,34624.352219
31,61,34626.905552
99,45,34646.0463
166,37,34647.519183
89,66,34667.707356
153,51,34669.816669
93,55,34672.105245
14,83,34693.025069
-8,77,34713.735663
154,43,34715.510247
34,50,34717.648519
29,68,34737.75575
49,75,34758.19643
0,72,34761.226743
120,53,34781.031295
94,50,34783.026198
53,83,34803.844482
127,51,34806.034137
5,88,34827.097126
160,56,34829.411709
133,51,34849.1122
56,58,34851.579578
111,28,34852.668186
148,52,34872.351704
-9,80,34875.752242
19,75,34896.428611
32,61,34898.978142
-2,80,34919.984471
1,73,34923.096338
164,48,34942.58111
155,50,34944.664589
5,65,34964.852019
108,28,34965.978058
9,89,34986.7405
120,54,34989.136322
138,52,34991.269382
99,48,35010.59916
0,65,35013.404558
141,63,35033.709988
26,92,35055.151849
5,85,35058.696089
26,77,35079.320652
20,63,35081.958479
33,58,35102.11162
0,78,35105.392848
-1,82,35126.293436
-4,103,35148.249047
114,53,35150.52397
24,78,35171.558821
117,47,35173.469188
4,79,35194.196978
18,80,35197.573312
7,96,35218.877728
7,62,35238.855192
175,48,35240.88884
144,51,35243.003213
19,77,35263.897517
7,97,35284.821472
29,61,35287.403733
0,60,35306.901367
140,64,35309.571036
4,94,35330.33809
145,52,35332.506598
139,50,35351.878242
195,37,35353.422246
4,65,35372.992931
33,75,35376.014491
24,67,35395.180977
-19,80,35398.434092
72,51,35417.689305
6,66,35420.442366
25,98,35441.193622
49,61,35460.789339
168,37,35462.270869
65,45,35464.042841
4,82,35484.918591
153,24,35485.911016
-1,104,35508.098954
60,67,35510.843106
17,75,35531.335775
161,45,35533.269496
174,45,35552.447959
154,52,35554.560315
80,58,35556.922884
160,58,35576.772495
105,57,35579.179951
190,29,35597.652012
115,43,35599.448601
83,78,35619.970694
5,77,35623.144092
121,46,35625.027719
157,36,35643.451752
117,49,35645.480358
140,39,35647.027922
38,56,35665.8954
178,48,35667.827177
-10,68,35687.884906
-1,84,35691.505274
171,56,35711.116526
4,85,35732.351162
121,27,35733.447259
157,51,35735.557116
126,37,35737.088247
4,89,35757.632806
34,51,35776.816192
1,76,35779.979926
7,82,35800.364504
-1,86,35803.95204
8,80,35824.091779
107,47,35826.018935
89,73,35846.663594
0,94,35867.935401
154,56,35870.32071
93,49,35889.348233
145,46,35891.232701
118,34,35892.614462
60,49,35912.039914
10,74,35915.114406
18,46,35934.157393
168,45,35936.074223
81,30,35937.386741
124,51,35956.933581
146,44,35958.813432
158,49,35960.844674
136,48,35979.884355
118,47,35981.813886
51,72,36002.307542
6,71,36005.182586
0,81,36025.345805
162,47,36027.304008
4,85,36048.321055
10,62,36050.932649
94,52,36070.418033
136,55,36072.689734
130,41,36074.489691
21,80,36095.143831
4,57,36097.55819
115,57,36117.057994
80,80,36137.595672
64,71,36140.551528
65,44,36142.425825
-2,66,36162.605162
93,18,36163.372804
107,50,36165.493133
114,47,36184.857353
140,55,36187.143756
32,85,36207.567031
153,52,36209.685076
73,44,36229.146058
64,51,36231.273185
-3,83,36252.04819
0,83,36255.566586
39,74,36276.42966
110,64,36279.046412
126,55,36298.480257
-15,71,36301.457528
141,43,36320.650665
152,41,36322.358601
126,37,36323.917172
31,50,36342.965859
137,40,36344.649584
119,42,36346.391491
112,52,36365.695694
39,86,36386.498544
11,74,36389.558126
187,41,36391.242676
121,71,36411.518121
16,71,36431.333857
5,90,36435.04254
168,50,36454.123793
30,97,36458.095491
148,52,36477.56266
0,109,36500.031129
33,70,36502.889065
150,56,36522.300853
0,70,36525.278173
114,47,36544.507703
-1,81,36547.845595
172,49,36566.392985
10,90,36570.112305
40,82,36590.906971
0,93,36611.943544
-1,79,36615.3049
46,54,36634.716907
133,63,36637.321428
86,44,36639.082679
15,93,36660.290686
16,95,36681.620057
30,67,36684.27261
120,54,36703.765136
-4,94,36725.147687
142,50,36727.243747
84,77,36747.710448
17,77,36750.984974
106,39,36769.954103
89,25,36770.988455
1,76,36774.151206
-4,73,36794.523593
159,50,36796.633265
18,65,36816.687961
149,39,36818.286324
131,49,36820.301324
24,93,36841.352034
8,74,36861.570121
152,49,36863.601451
-1,59,36882.889819
98,60,36885.446272
51,66,36905.339525
124,48,36907.332296
57,49,36909.358459
75,22,36927.671102
0,76,36930.918634
17,86,36951.577657
16,99,36972.44743
0,83,36975.982878
1,73,36996.271502
73,52,36998.430287
114,44,37016.998975
2,88,37020.636942
136,62,37041.1483
59,53,37043.314712
-6,79,37064.10154
18,72,37067.128271
3,84,37088.602933
148,40,37090.188044
5,85,37111.786865
136,56,37114.05062
121,58,37134.950259
0,81,37138.401925
136,43,37158.454944
0,79,37161.732766
1,73,37182.9587
4,86,37204.863959
0,90,37208.393972
6,88,37230.175511
122,51,37232.32615
60,55,37252.181735
139,26,37253.326077
19,73,37275.09552
-3,89,37278.370704
12,77,37300.068012
1,85,37322.363506
156,60,37324.101654
58,56,37345.950284
7,98,37348.969212
108,42,37370.417264
125,50,37371.800379
123,34,37373.240732
5,75,37395.950856
99,26,37396.948857
83,88,37420.000431
-7,84,37423.360414
120,70,37445.164783
127,36,37446.72805
109,58,37467.596719
9,88,37471.264797
0,85,37492.998204
56,73,37514.322742
167,51,37516.127033
0,80,37537.657673
-3,64,37539.737846
191,47,37541.666074
114,56,37562.265226
37,72,37565.228714
105,25,37584.82614
18,78,37587.672896
63,75,37609.111444
148,52,37611.326009
-3,72,37632.765462
-3,72,37635.876054
0,95,37658.512536
0,89,37680.972317
2,76,37684.131414
45,20,37704.288982
99,53,37706.062941
20,76,37728.326705
-8,71,37730.860164
65,31,37732.146223
3,90,37754.634526
135,42,37756.440866
0,76,37777.678045
98,50,37779.795265
92,44,37800.286984
0,81,37803.640873
2,88,37826.061878
160,45,37827.966399
105,54,37848.522853
114,49,37850.579806
99,56,37871.195903
28,81,37874.38819
0,85,37895.916173
167,53,37898.12797
145,50,37917.935314
5,72,37920.976521
62,61,37941.315589
41,56,37943.614257
-5,78,37964.834627
105,51,37967.026399
143,54,37987.660029
21,97,37991.363563
147,35,38011.646894
114,39,38013.035398
155,52,38015.141241
94,43,38035.632883
111,46,38037.382956
5,81,38059.769046
-1,98,38082.246473
108,53,38084.010921
132,50,38086.08883
8,101,38108.399579
-1,68,38129.64199
80,61,38132.043581
121,71,38153.421127
75,11,38153.895478
33,61,38156.492228
128,44,38176.132233
0,74,38179.220774
0,99,38200.937444
136,45,38202.877106
13,62,38223.318519
48,89,38227.064494
101,49,38246.890333
-1,69,38249.805895
13,80,38270.932697
114,44,38272.834927
0,78,38293.531334
155,39,38295.152889
81,10,38295.553471
17,69,38315.555053
55,63,38318.2108
56,45,38337.71953
0,74,38340.8172
6,81,38361.982298
16,73,38382.329963
105,21,38383.218175
62,81,38386.528135
18,79,38406.822799
47,59,38409.318269
20,69,38429.05717
66,79,38450.036336
0,83,38453.324612
123,48,38472.816203
60,49,38474.672479
142,47,38476.605457
84,63,38496.922654
135,55,38499.147822
0,82,38520.421518
26,76,38523.547632
170,50,38544.21459
138,56,38546.536493
148,44,38567.189823
18,68,38569.446301
148,53,38591.566619
47,103,38595.241091
39,60,38616.326364
5,63,38619.063333
29,74,38640.722599
117,46,38642.640033
142,53,38663.857947
155,40,38665.206405
108,48,38667.16297
0,83,38688.870086
149,46,38690.750721
0,91,38713.24983
36,75,38735.191798
3,77,38737.861417
0,83,38760.297999
101,42,38762.026776
153,51,38783.487683
198,49,38784.847744
113,43,38786.643379
3,87,38808.934943
43,81,38832.04793
9,83,38835.00913
97,45,38856.738512
50,58,38858.622696
1,85,38881.732936
126,46,38883.409777
45,93,38906.462089
1,71,38909.167805
0,95,38932.358783
3,84,38955.223056
130,45,38956.770617
173,44,38978.257736
135,48,38979.569307
57,41,38981.189752
-4,81,39003.856241
63,72,39006.678195
7,83,39029.392143
93,46,39031.303733
90,47,39052.713547
27,54,39054.634237
-2,84,39077.320628
-1,84,39100.130404
0,74,39102.520826
186,35,39103.939633
55,60,39125.065077
145,26,39126.129128
0,87,39148.150507
52,54,39150.100071
61,20,39150.950686
0,77,39172.537766
132,49,39174.568635
175,48,39195.686845
112,47,39197.283952
33,81,39219.348051
52,55,39221.270114
0,81,39242.917083
87,68,39245.432364
48,76,39267.378851
92,15,39267.831932
3,89,39291.439154
0,98,39295.038174
-9,66,39316.987128
37,81,39340.335144
175,43,39341.546129
76,97,39364.803528
0,72,39367.389657
87,16,39368.060381
89,49,39388.917985
141,47,39390.455132
112,28,39391.625532
123,48,39413.356768
82,46,39414.817919
175,49,39416.873606
175,40,39438.086804
139,32,39439.22355
14,70,39461.405435
0,87,39464.404719
23,85,39486.390208
-1,84,39508.857627
0,81,39511.608872
5,81,39533.56665
5,88,39556.207709
5,83,39558.889435
105,12,39559.433019
75,72,39580.891726
144,47,39582.77703
123,66,39604.227066
21,80,39607.248769
1,79,39629.100703
51,48,39631.101377
110,38,39652.21311
49,70,39654.330539
152,37,39655.873084
143,46,39677.25924
51,28,39678.096277
73,57,39700.303855
148,37,39701.330669
0,84,39704.395998
144,47,39725.625799
0,73,39728.352438
0,85,39750.755363
22,83,39773.637945
0,100,39777.254438
64,81,39799.866655
132,26,39800.956147
165,51,39822.260624
0,74,39824.899718
64,47,39846.339532
128,56,39848.164266
56,86,39870.665393
94,49,39872.374175
150,45,39893.995692
6,83,39896.627764
101,41,39898.290003
0,93,39921.258221
20,71,39943.442203
16,74,39946.16678
0,83,39968.184725
154,28,39969.356084
103,26,39970.459557
200,45,39991.43606
0,84,39994.707955
141,50,40015.459768
9,96,40038.834804
33,71,40041.311723
16,79,40063.143383
36,83,40066.604138
138,32,40086.442841
139,42,40087.969217
120,47,40089.941356
0,79,40111.493748
178,58,40113.905778
48,78,40135.409249
174,58,40137.726864
123,45,40157.518507
132,49,40159.561753
19,89,40181.099486
3,100,40204.301672
119,48,40205.957143
159,25,40206.985243
15,97,40229.548596
33,73,40251.618657
141,35,40252.570212
118,43,40254.208426
2,129,40278.398951
114,41,40299.568057
83,71,40302.054144
113,62,40323.568112
56,53,40325.2416
166,44,40327.107954
6,98,40349.075701
10,76,40371.110646
129,48,40372.616321
130,48,40374.601892
144,48,40395.031381
16,76,40398.026964
19,84,40420.089195
0,72,40442.301928
93,21,40442.875491
5,88,40446.521106
159,53,40466.914718
167,43,40468.813764
82,68,40489.838351
21,54,40492.059184
139,48,40512.002188
94,43,40513.756615
173,39,40515.427353
7,71,40535.822702
-4,92,40539.748384
150,51,40559.400637
140,49,40561.495559
35,74,40581.372658
148,42,40583.139061
131,51,40603.035462
119,43,40604.870991
173,50,40606.987514
144,42,40625.829466
150,48,40627.907676
116,45,40629.756294
68,48,40648.875049
116,47,40650.763657
87,42,40652.495139
7,85,40673.322427
7,87,40695.042566
169,45,40696.936695
11,72,40717.298069
19,88,40721.044315
121,44,40740.486611
41,77,40743.631754
45,49,40762.645414
23,69,40765.461764
16,84,40786.641306
120,44,40788.402035
2,84,40809.166229
133,47,40811.102118
154,41,40829.270575
-12,86,40832.706883
-8,81,40853.158331
35,73,40856.256348
0,66,40875.49021
171,45,40877.350592
15,91,40898.432204
5,84,40919.296872
40,72,40922.32405
61,53,40942.423148
81,19,40943.221883
68,11,40943.67736
0,94,40964.856338
0,106,40969.247104
79,55,40989.303314
0,86,41010.541113
47,75,41013.637001
-6,66,41033.331518
67,42,41035.068251
0,83,41055.656726
5,73,41058.586024
25,2,41058.678595
81,76,41078.720412
52,46,41080.566179
83,47,41099.706782
85,52,41101.915172
4,102,41123.557984
90,55,41125.859048
131,55,41145.322851
-2,67,41148.135294
147,37,41149.684438
20,55,41169.431118
8,82,41172.922549
160,39,41192.06323
-1,93,41196.040168
46,72,41216.421114
62,56,41218.89138
144,42,41237.998728
3,79,41241.356765
43,73,41261.335009
50,23,41262.312311
-1,68,41282.262271
154,48,41284.216661
109,45,41286.142634
111,53,41305.732286
160,47,41307.807127
122,50,41326.795861
3,78,41330.019397
58,46,41348.792158
12,103,41353.243246
0,86,41374.100443
33,80,41394.704839
8,85,41398.389243
16,92,41420.06068
5,76,41440.141971
-2,86,41443.689843
41,77,41464.138073
12,72,41467.289321
0,79,41487.974338
0,85,41508.003433
155,50,41510.090762
107,21,41510.988631
154,48,41529.857247
98,49,41531.93036
16,70,41551.844747
122,28,41553.035387
24,82,41556.441854
152,47,41575.922205
-1,71,41578.886958
-1,89,41600.046097
62,49,41602.144497
42,80,41622.953762
142,46,41624.866395
0,81,41645.839376
83,9,41646.22999
21,68,41666.117335
161,45,41668.052276
89,16,41668.751283
2,86,41689.682166
132,23,41690.677926
0,83,41710.82238
25,64,41713.639849
29,85,41734.37609
147,27,41735.535249
108,22,41736.5245
2,65,41756.369034
53,50,41758.508908
0,73,41778.936582
13,54,41781.199155
37,49,41800.42117
10,63,41803.092366
3,83,41823.36092
159,37,41824.967953
181,39,41826.589564
13,62,41846.132084
32,64,41848.913903
12,85,41870.324708
105,48,41872.308901
15,79,41893.202288
27,56,41895.583287
18,95,41917.166754
5,64,41937.305292
0,85,41940.960667
98,45,41960.814166
10,77,41964.024056
15,71,41984.410239
158,39,41986.051949
55,52,41988.264046
0,105,42009.939022
26,86,42030.943028
5,100,42052.366433
157,27,42053.557056
150,34,42054.987884
175,53,42074.879423
84,47,42076.819749
70,64,42079.379926
175,41,42098.908105
0,71,42101.883584
148,46,42120.890887
107,53,42123.093364
32,83,42143.922865
120,39,42145.614077
6,72,42165.787285
12,59,42168.217231
115,39,42169.816795
74,61,42189.442976
103,41,42191.145558
70,45,42210.025832
12,85,42213.558359
95,54,42232.922707
80,83,42236.477931
149,46,42255.921887
-1,71,42258.888257
145,45,42277.985881
34,77,42281.323918
5,88,42302.562671
78,47,42304.505895
102,44,42323.877476
13,77,42327.10436
119,47,42345.973853
0,82,42349.420357
144,53,42368.347939
11,91,42372.036198
0,85,42392.848737
100,40,42394.488432
1,89,42415.390636
147,44,42417.145768
127,45,42436.444911
158,48,42438.491814
132,57,42440.881277
0,85,42461.92451
25,60,42481.770325
150,44,42483.613004
4,90,42504.796874
-1,78,42507.923337
24,60,42527.842372
125,46,42529.770239
96,42,42531.48813
198,41,42550.705775
1,81,42554.061203
131,51,42573.299815
42,78,42576.532796
105,29,42595.151467
101,24,42596.143156
-1,79,42599.521973
-10,99,42620.768468
-1,83,42642.209213
51,54,42644.468548
51,73,42665.020437
10,96,42686.400507
13,82,42689.870334
109,42,42709.03151
192,43,42710.890381
81,54,42713.117727
143,49,42732.610022
119,50,42734.675155
176,36,42736.232028
-1,88,42757.454046
136,40,42759.086566
14,53,42779.1305
172,49,42781.204631
9,93,42802.425488
64,56,42804.646971
169,32,42823.129483
0,80,42826.538497
147,43,42845.313263
123,45,42847.176581
15,96,42868.477048
144,50,42870.577744
16,75,42890.888154
7,91,42894.688513
104,19,42895.427522
2,74,42915.891608
105,56,42918.227758
151,45,42937.938649
128,45,42939.798952
5,96,42961.402813
156,51,42963.505912
99,47,42982.746865
134,30,42983.971044
120,39,42985.615061
4,85,43006.822342
180,47,43008.791482
169,45,43027.411729
101,46,43029.323153
119,32,43030.648031
125,44,43050.211857
105,23,43051.246608
-1,73,43054.230667
146,76,43074.190498
38,76,43094.622564
-4,91,43098.426218
0,92,43119.803525
0,92,43141.180764
-1,79,43144.428396
136,48,43163.41832
5,74,43166.507752
170,55,43186.026147
48,68,43188.779279
74,101,43210.20516
88,39,43211.737925
105,41,43230.944556
-1,65,43233.712275
146,38,43235.284385
-1,82,43255.682511
139,53,43257.787738
102,44,43277.179087
140,24,43278.152587
155,34,43279.574284
166,45,43298.4027
1,71,43301.312609
78,45,43320.367618
72,43,43322.205027
114,44,43324.007652
72,44,43343.408825
10,94,43347.197912
2,78,43367.638664
18,75,43370.806767
139,51,43390.226938
45,67,43393.011113
19,54,43412.630738
115,44,43414.49561
0,80,43435.191317
173,41,43436.831928
131,43,43438.523721
0,111,43460.799924
146,40,43480.071224
186,39,43481.642851
120,23,43482.568753
25,94,43504.239466
0,79,43507.52283
94,65,43527.343002
3,76,43547.867667
178,40,43549.561466
110,76,43552.86671
0,88,43573.743351
149,56,43593.658661
-2,67,43596.504748
171,44,43598.409662
0,68,43618.240805
135,59,43620.65519
107,25,43639.165522
0,82,43642.598843
83,23,43643.583459
0,89,43664.681581
154,54,43684.465956
-1,101,43688.671195
45,105,43710.542167
29,64,43730.749024
30,59,43733.264636
-1,77,43753.777559
105,48,43755.681785
115,49,43775.548894
136,50,43777.609959
-4,52,43779.742675
127,56,43799.723867
153,37,43801.192265
197,44,43802.957656
27,92,43824.21912
-6,61,43843.762156
25,74,43846.809019
96,56,43866.671409
1,82,43870.176008
-1,90,43891.464795
0,71,43894.338762
94,57,43915.128382
7,82,43935.995441
42,88,43939.66293
123,57,43959.919142
37,43,43961.740626
98,70,43981.964257
163,42,43983.691718
55,47,43985.599969
-1,88,44007.185265
160,44,44009.070388
179,36,44028.511136
90,43,44030.284701
66,13,44030.83039
189,43,44032.657606
-4,75,44053.400778
-1,81,44074.391793
70,42,44076.091547
50,70,44078.90484
7,68,44099.306755
170,42,44101.062003
53,81,44122.096532
79,48,44124.096767
98,50,44144.058218
66,60,44146.418229
-2,67,44166.675201
1,66,44169.428871
72,14,44169.983113
128,53,44189.675583
52,75,44192.716339
-1,88,44213.017282
18,68,44233.386528
145,66,44236.125108
0,89,44256.977622
13,108,44279.545309
78,52,44281.715134
-4,84,44302.407064
72,20,44303.239998
29,102,44325.535623
152,100,44329.75254
53,48,44349.135869
168,43,44350.895504
59,42,44352.634024
181,52,44372.711907
36,69,44375.531388
-1,70,44396.268778
78,30,44397.506289
54,81,44418.304071
164,48,44420.28134
175,44,44439.289893
75,82,44442.763254
5,85,44463.911276
155,50,44465.973954
11,86,44487.030792
109,44,44488.785052
114,47,44507.950734
19,80,44511.299383
149,42,44530.721855
13,73,44533.675419
82,46,44535.573018
180,30,44554.153421
153,50,44556.236928
0,86,44576.914295
159,49,44578.963759
0,94,44600.710039
129,41,44602.494274
-16,69,44622.772556
125,48,44624.67925
19,65,44644.783236
6,90,44648.632164
6,92,44669.63035
104,11,44670.107839
152,34,44671.598575
1,85,44692.464173
51,51,44694.509891
127,45,44713.938503
34,77,44717.257263
0,107,44739.495826
79,55,44758.903073
4,68,44761.671796
107,50,44780.852708
59,11,44781.323972
62,65,44784.094954
169,49,44803.650278
61,54,44805.89018
30,53,44808.099745
84,51,44827.5944
201,26,44828.673512
118,43,44830.463426
13,83,44851.585569
2,69,44872.456121
120,55,44874.770842
128,45,44876.68705
148,43,44895.962704
129,44,44897.77847
163,52,44900.023941
