#{"t_start": 1673436047.866354, "env_id": "sokoban-wide-v0"}
r,l,t
22.0,26,2.556849
-30.0,21,3.084128
7.0,25,3.670928
-36.0,28,4.134424
-14.0,25,4.69736
-33.0,23,5.103625
-14.0,25,5.636596
-24.0,29,6.211204
-19.0,23,6.62348
-18.0,21,6.993415
-29.0,25,7.604404
-5.0,26,8.142796
-54.0,26,8.714658
-18.0,30,9.36439
-6.0,27,9.800867
-21.0,22,10.318765
-22.0,27,10.772036
-30.0,25,11.330195
-23.0,24,11.74137
-19.0,26,12.294474
-40.0,28,12.992633
16.0,25,13.424582
-48.0,22,13.843889
5.0,23,14.371519
-25.0,24,14.807018
-44.0,24,15.226625
-18.0,23,15.753443
-20.0,28,16.6504
-43.0,25,17.068858
-32.0,25,17.617287
-25.0,26,18.15227
-7.0,22,18.592434
-21.0,28,19.163147
-30.0,25,19.720322
-25.0,26,20.150935
1.0,25,20.694458
-32.0,24,21.127706
-34.0,26,21.675554
21.0,25,22.147784
-29.0,31,22.869184
-12.0,23,23.430278
-50.0,26,23.868248
-16.0,22,24.275463
-12.0,26,24.810315
-25.0,24,25.25182
-13.0,29,25.838357
-11.0,24,26.38079
-36.0,25,26.828217
-18.0,21,27.226319
-12.0,25,27.878872
7.0,31,28.494912
19.0,27,29.023506
-21.0,26,29.473976
-23.0,25,30.021397
-30.0,22,30.440675
4.0,23,30.881112
-28.0,23,31.450174
-35.0,24,31.881454
-47.0,25,32.313052
-22.0,23,32.962311
-31.0,23,33.40946
-15.0,24,33.820858
2.0,23,34.381769
-7.0,27,34.832307
-33.0,24,35.379626
-38.0,24,35.881476
-26.0,29,36.459142
2.0,26,37.019169
-19.0,26,37.54974
-39.0,25,38.13247
7.0,26,38.771298
-24.0,23,39.320865
-45.0,26,39.754334
-42.0,23,40.297931
-8.0,23,40.721363
-39.0,24,41.165921
-18.0,25,41.738649
-16.0,26,42.18396
-40.0,23,42.80879
-9.0,24,43.287584
-40.0,25,43.868942
-25.0,20,44.266883
-8.0,27,236.984403
-32.0,26,237.576275
-43.0,27,238.152344
1.0,22,238.572533
-21.0,29,239.188712
-36.0,26,239.641638
4.0,22,240.398682
-46.0,23,240.834864
-45.0,23,241.271097
-33.0,25,241.833634
-17.0,28,242.329637
7.0,24,242.907471
13.0,26,243.366709
-18.0,27,244.010444
-36.0,25,244.551547
-30.0,30,245.148445
-43.0,25,245.706842
-35.0,25,246.275227
-33.0,24,246.711552
-11.0,24,247.135543
-44.0,28,247.747442
-32.0,26,248.35885
-22.0,24,248.812582
-21.0,27,249.384196
-9.0,25,249.894584
-45.0,22,250.529384
-24.0,26,250.965652
-21.0,20,251.37
-20.0,23,251.934648
14.0,27,252.424209
2.0,27,253.023958
-42.0,27,253.635081
-34.0,26,254.067671
9.0,30,254.669165
-38.0,25,255.239782
-48.0,25,255.682347
-10.0,24,256.262115
-40.0,25,256.865928
-33.0,22,257.281938
-17.0,26,257.851237
-3.0,29,258.44646
-26.0,23,258.868748
4.0,23,259.307426
-15.0,25,259.86187
-26.0,23,260.275667
-25.0,24,260.833146
-10.0,28,261.309576
-6.0,27,262.015251
-19.0,30,262.634989
-32.0,27,263.272297
0.0,27,263.878815
-9.0,27,264.336055
-47.0,26,264.914242
-49.0,27,265.492173
-51.0,24,265.921508
26.0,29,266.52139
-24.0,28,267.113509
-20.0,29,267.826285
-23.0,27,268.288626
-21.0,23,268.841901
-22.0,28,269.312983
-18.0,21,269.757456
-20.0,23,270.311963
-4.0,24,270.741518
-32.0,25,271.386048
-2.0,28,271.85497
-1.0,24,272.41844
1.0,22,272.929305
-29.0,27,273.53697
-43.0,30,274.14355
-2.0,22,274.568733
-2.0,21,274.958637
-2.0,22,275.382679
-43.0,25,275.928209
-25.0,23,276.364882
-45.0,24,276.80868
-44.0,26,277.386676
-12.0,23,277.817098
-29.0,22,278.367137
-28.0,25,278.913084
-38.0,24,279.383388
11.0,27,472.691067
-14.0,29,473.283043
-47.0,28,473.89644
-18.0,25,474.365913
12.0,26,474.96503
17.0,25,475.395937
-21.0,27,476.004538
-46.0,26,476.594277
3.0,24,477.119667
-4.0,24,477.733646
2.0,31,478.409738
-40.0,23,478.838823
8.0,25,479.328573
-8.0,24,480.007755
-42.0,25,480.434391
-29.0,24,480.981748
6.0,24,481.404987
11.0,31,482.005181
-34.0,24,482.635808
-20.0,24,483.080701
20.0,21,483.496505
-16.0,30,484.118937
-1.0,22,484.539672
9.0,24,485.101066
10.0,28,485.689622
-20.0,27,486.157489
-18.0,28,486.754546
-20.0,27,487.343667
-2.0,29,487.970277
-35.0,28,488.531389
-32.0,24,489.168456
-20.0,22,489.577459
15.0,24,490.0312
-12.0,26,490.59968
7.0,24,491.040786
-8.0,33,491.802004
-7.0,24,492.225835
-19.0,25,492.804824
-6.0,26,493.361378
-26.0,26,493.960768
11.0,29,494.578089
40.0,24,495.008509
-21.0,32,495.673007
-12.0,28,496.289334
4.0,26,496.866616
9.0,20,497.287376
-20.0,26,497.752866
-3.0,22,498.338575
-18.0,26,498.785746
-33.0,28,499.473738
3.0,26,500.063892
-11.0,26,500.528233
-1.0,23,500.954115
30.0,23,501.585838
-15.0,26,502.071524
-28.0,25,502.631508
-27.0,27,503.255806
-27.0,23,503.688143
-28.0,31,504.306688
-16.0,28,505.085729
6.0,26,505.650572
-27.0,25,506.286426
-10.0,26,506.741917
2.0,22,507.29815
-7.0,24,507.75731
-3.0,25,508.338669
-4.0,24,508.779472
18.0,29,509.383647
5.0,24,509.842298
8.0,23,510.409859
-12.0,28,511.008903
-17.0,28,511.605485
-32.0,32,512.257684
-4.0,24,512.839962
-7.0,28,513.457415
-18.0,34,514.114614
-15.0,22,514.524115
-10.0,25,515.112161
-15.0,27,515.635737
-17.0,25,709.926193
-4.0,23,710.353719
-17.0,24,710.928079
-39.0,25,711.373955
-4.0,30,712.058031
12.0,26,712.851149
11.0,33,713.482359
7.0,24,713.92219
-19.0,34,714.821294
-1.0,26,715.25397
-5.0,24,715.910009
-3.0,23,716.413069
-14.0,21,716.836614
2.0,25,717.4149
-7.0,25,717.890836
-37.0,23,718.33466
6.0,24,718.913552
-19.0,25,719.369605
-20.0,25,720.055857
-20.0,27,720.809432
-1.0,28,721.289399
0.0,23,721.871631
-5.0,22,722.337158
-18.0,25,722.792036
-2.0,31,723.535093
-14.0,26,724.125736
-3.0,23,724.566819
-14.0,20,725.145499
-23.0,27,725.799018
-29.0,24,726.352241
-11.0,29,727.119156
-4.0,25,727.704725
3.0,23,728.159489
6.0,26,728.772808
21.0,25,729.231837
-41.0,21,729.825996
-10.0,23,730.468503
-32.0,29,731.158944
-15.0,29,731.669118
-31.0,26,732.384826
-7.0,25,733.009001
-18.0,26,733.481575
-34.0,23,733.915073
-19.0,23,734.49721
-3.0,30,735.211555
-10.0,24,735.65713
-3.0,26,736.258796
1.0,28,736.888608
4.0,22,737.359774
22.0,28,737.987484
-4.0,27,738.676978
-33.0,22,739.252445
-5.0,21,739.809213
2.0,28,740.289363
5.0,23,740.871827
5.0,26,741.339995
-39.0,26,741.944538
1.0,25,742.386271
-26.0,25,742.968722
12.0,24,743.412224
-13.0,27,744.115612
-1.0,28,744.733706
4.0,26,745.211934
-31.0,30,745.864877
-12.0,25,746.478533
-5.0,28,747.135524
-17.0,24,747.755159
0.0,21,748.187476
-6.0,24,748.766802
-3.0,21,749.205841
-4.0,25,749.69035
-25.0,29,750.313249
-28.0,28,751.041993
-21.0,25,751.506059
-23.0,29,752.175512
-12.0,27,752.777593
-15.0,24,753.295381
-17.0,24,753.886442
4.0,31,754.525886
-6.0,24,754.97071
-10.0,25,947.436337
-27.0,24,947.88637
-1.0,28,948.652775
6.0,27,949.280394
-29.0,28,949.757946
-1.0,24,950.392297
11.0,27,950.99047
1.0,23,951.431853
0.0,26,951.89316
2.0,29,952.68173
-8.0,28,953.2947
6.0,26,953.885514
10.0,28,954.494831
-12.0,27,954.991118
4.0,26,955.664204
27.0,31,956.374836
-27.0,23,956.806916
16.0,27,957.52144
-20.0,34,958.166401
13.0,27,958.798295
-30.0,24,959.229264
8.0,23,959.809633
5.0,28,960.457737
-5.0,24,960.922189
-17.0,31,961.584226
-24.0,32,962.302199
8.0,26,962.945073
-17.0,24,963.386996
17.0,24,963.975265
7.0,26,964.500809
-9.0,27,965.291066
-8.0,24,966.231385
1.0,24,966.818101
-20.0,27,967.40806
-16.0,25,968.030874
15.0,25,968.707973
-5.0,28,969.331756
-5.0,27,969.920149
1.0,25,970.374993
-16.0,26,970.996516
-7.0,29,971.704876
-26.0,26,972.404151
3.0,25,972.862564
3.0,26,973.459804
-11.0,24,974.035298
16.0,23,974.492321
1.0,32,975.322664
-9.0,23,975.785936
-10.0,28,976.437711
-8.0,24,976.94288
-14.0,29,977.587312
3.0,28,978.195804
-19.0,25,978.649923
0.0,21,979.168597
-33.0,25,979.766958
9.0,25,980.259423
14.0,22,980.877226
-24.0,27,981.440317
-18.0,26,982.054246
-9.0,28,982.662999
-8.0,26,983.146202
-7.0,29,983.757508
-7.0,24,984.452677
5.0,24,984.91277
-1.0,26,985.524335
-43.0,24,986.02536
-4.0,29,986.719271
-48.0,25,987.187594
-29.0,27,987.823523
-44.0,24,988.344082
-4.0,27,988.946365
-31.0,23,989.38798
-14.0,26,990.083521
7.0,21,990.528417
-30.0,24,991.098893
-27.0,25,991.559702
-6.0,22,992.00317
15.0,22,992.51076
1.0,25,993.08872
-2.0,28,1187.554322
13.0,24,1188.082134
-15.0,21,1188.584487
-2.0,24,1189.249073
-25.0,28,1189.745652
1.0,28,1190.479747
-9.0,24,1191.14882
-22.0,24,1191.597676
-11.0,29,1192.473475
-6.0,25,1193.01086
-29.0,25,1193.739332
-8.0,25,1194.214134
0.0,30,1194.940746
-5.0,28,1196.053264
0.0,28,1196.752301
-5.0,32,1197.539761
20.0,27,1198.156802
-21.0,26,1198.881583
-21.0,27,1199.396434
-15.0,26,1200.079183
21.0,24,1200.522259
11.0,25,1201.125142
16.0,27,1201.689901
30.0,25,1202.365355
9.0,22,1202.807907
-9.0,22,1203.255697
10.0,26,1203.8564
4.0,23,1204.319608
0.0,28,1204.969124
4.0,25,1205.7101
-2.0,29,1206.284096
1.0,30,1206.909139
-11.0,25,1207.502872
-21.0,27,1208.209545
14.0,24,1208.686924
-32.0,22,1209.122924
-29.0,26,1209.795028
-20.0,31,1210.467762
7.0,25,1210.942473
-7.0,22,1211.753794
-22.0,26,1212.222643
-4.0,26,1212.838822
17.0,30,1213.988718
-8.0,29,1214.704476
-10.0,25,1215.155583
-10.0,25,1215.882312
-8.0,28,1216.776016
-16.0,23,1217.217481
-12.0,23,1217.78241
4.0,27,1218.380763
10.0,29,1219.006668
0.0,34,1219.721036
15.0,29,1220.354697
17.0,24,1220.899499
1.0,22,1221.522979
15.0,27,1221.987788
-23.0,29,1222.74321
20.0,25,1223.35206
0.0,28,1224.363409
-5.0,30,1225.116315
0.0,27,1225.680711
-7.0,27,1226.300117
-19.0,24,1226.829895
-11.0,31,1227.529186
-9.0,28,1228.24109
0.0,26,1228.9257
-6.0,25,1229.383654
8.0,25,1230.012737
-2.0,32,1230.679252
6.0,33,1231.350969
-27.0,24,1231.918664
-1.0,25,1232.402741
9.0,24,1233.000883
-3.0,28,1233.581359
4.0,24,1234.170826
9.0,27,1234.789769
-4.0,23,1235.23932
-20.0,31,1235.869973
-23.0,25,1429.383256
-14.0,28,1430.173089
50.0,23,1430.901092
1.0,24,1431.452712
2.0,22,1431.894472
20.0,28,1432.597677
19.0,26,1433.193316
29.0,25,1433.629068
-32.0,22,1434.177101
14.0,28,1434.844867
-11.0,28,1435.481194
6.0,22,1435.928159
17.0,26,1436.532821
-23.0,28,1437.091631
5.0,36,1437.986077
2.0,27,1438.667109
17.0,29,1439.293297
-15.0,26,1439.759763
6.0,27,1440.422225
14.0,23,1497.101857
25.0,33,1498.012158
-2.0,24,1498.586589
-14.0,29,1499.324829
2.0,26,1499.790371
20.0,26,1500.473971
-2.0,26,1501.094735
-4.0,28,1501.630796
-25.0,22,1502.230967
25.0,32,1502.951595
-16.0,25,1503.46106
-5.0,23,1504.299296
4.0,25,1504.992852
3.0,32,1505.643068
-14.0,23,1506.211237
-20.0,27,1506.697791
18.0,27,1507.334754
-4.0,31,1508.002483
10.0,28,1508.616956
-11.0,23,1509.136699
25.0,27,1509.889036
1.0,32,1510.560405
-23.0,25,1511.485806
-1.0,27,1511.968198
19.0,30,1512.625016
7.0,24,1513.241215
-12.0,24,1513.759089
14.0,27,1514.388592
2.0,21,1514.816691
-16.0,27,1515.544424
-7.0,23,1516.029011
-2.0,30,1516.698777
15.0,24,1517.345352
20.0,28,1518.128685
17.0,26,1518.754551
-2.0,26,1519.351764
6.0,27,1520.08284
-6.0,26,1520.756516
7.0,27,1521.275717
-29.0,24,1522.017994
-5.0,29,1522.674824
-16.0,31,1523.40052
19.0,28,1524.227806
8.0,25,1524.785775
13.0,30,1525.606723
-38.0,25,1526.309628
-11.0,27,1526.78426
-23.0,27,1527.495644
10.0,23,1527.993697
4.0,31,1528.712751
17.0,27,1529.387195
15.0,27,1530.12362
-33.0,25,1530.671912
-15.0,26,1531.381488
5.0,24,1531.837737
14.0,25,1532.472028
-17.0,36,1533.299051
-32.0,27,1533.938071
3.0,28,1727.537297
0.0,29,1728.340309
17.0,29,1728.97914
2.0,28,1729.480009
5.0,25,1730.117131
2.0,25,1730.60112
-25.0,25,1731.221012
-2.0,31,1731.897637
-23.0,30,1732.672415
-12.0,25,1733.296106
-7.0,22,1733.768127
-3.0,28,1734.430942
38.0,24,1734.915652
-15.0,29,1735.587361
-23.0,33,1736.328801
-17.0,24,1736.987915
-11.0,32,1737.645168
-20.0,30,1738.540636
23.0,29,1739.605872
-3.0,25,1740.134949
9.0,29,1740.769099
6.0,31,1741.415259
8.0,26,1742.190626
0.0,28,1742.889329
6.0,25,1743.368687
32.0,28,1744.131375
-24.0,24,1744.565038
1.0,25,1745.187957
9.0,26,1745.656
27.0,30,1746.301939
2.0,25,1746.909726
20.0,26,1857.347325
-14.0,23,1858.027625
-28.0,29,1858.680943
5.0,26,1859.145077
-13.0,34,1860.148175
-7.0,26,1860.705216
13.0,28,1861.338768
-12.0,33,1862.014685
-12.0,30,1862.665581
-2.0,26,1863.29986
6.0,27,1863.973373
6.0,33,1864.662602
-17.0,24,1865.217467
-13.0,27,1865.848629
-2.0,31,1866.523955
8.0,25,1867.387832
48.0,26,1868.031743
-15.0,30,1868.776226
3.0,28,1869.431426
20.0,28,1870.165714
-2.0,23,1870.811459
2.0,35,1918.929567
-8.0,31,1920.101465
17.0,25,1921.071205
22.0,24,1921.767056
22.0,28,1922.291261
24.0,27,1923.025934
24.0,32,1923.848718
-3.0,27,1924.589864
-7.0,25,1925.556202
-13.0,28,1926.26673
-6.0,23,1926.869111
9.0,30,1927.627723
0.0,23,1928.26237
0.0,29,1928.911111
-14.0,29,1929.551265
20.0,22,1930.159125
21.0,24,1930.895486
24.0,24,1931.580614
-30.0,25,1932.120518
33.0,28,1932.742311
-2.0,24,1933.240695
4.0,24,1933.871102
-35.0,29,1934.612984
-11.0,24,2127.967092
-31.0,23,2128.437684
23.0,28,2129.123692
18.0,22,2129.722486
-1.0,31,2130.515156
19.0,28,2131.002528
9.0,29,2131.632906
-18.0,27,2132.421841
9.0,25,2132.898229
27.0,28,2133.539434
10.0,29,2134.165866
24.0,27,2135.022109
13.0,24,2136.021497
-1.0,26,2136.770532
46.0,23,2137.218085
7.0,28,2137.984127
32.0,26,2138.601101
-10.0,28,2139.115896
11.0,24,2139.721602
-8.0,36,2140.412477
6.0,29,2141.118264
-21.0,31,2141.966136
-1.0,26,2142.88591
-5.0,29,2143.545927
3.0,26,2144.021877
3.0,29,2144.667138
-7.0,26,2145.310777
2.0,21,2146.32703
-1.0,32,2147.010702
19.0,23,2147.780094
11.0,28,2148.276986
-16.0,22,2148.897375
-10.0,25,2149.381109
16.0,27,2150.107196
-16.0,26,2389.421953
4.0,24,2390.037865
5.0,26,2390.529875
8.0,25,2391.165004
12.0,30,2391.903317
9.0,29,2392.556792
19.0,29,2393.453308
-1.0,25,2393.967053
-11.0,22,2394.600941
11.0,23,2395.375548
0.0,32,2396.195944
12.0,24,2396.743543
30.0,26,2397.367456
3.0,24,2397.831172
3.0,25,2398.560807
2.0,27,2399.058949
13.0,28,2399.713671
6.0,25,2400.603627
16.0,32,2401.330678
-5.0,25,2401.880413
7.0,23,2402.566609
0.0,26,2403.038177
-10.0,27,2403.829001
-4.0,26,2404.491299
-17.0,30,2405.23491
5.0,28,2405.946185
14.0,24,2406.729935
37.0,28,2407.38233
35.0,28,2407.962916
-9.0,23,2408.568022
19.0,25,2409.049083
13.0,29,2409.704711
-5.0,23,2410.193663
1.0,21,2410.819267
33.0,28,2411.342792
5.0,23,2412.035856
13.0,28,2412.5487
0.0,26,2413.568711
3.0,26,2414.242245
9.0,26,2414.695729
-5.0,22,2415.331999
9.0,32,2416.173625
5.0,25,2416.626002
-13.0,26,2609.945035
17.0,22,2610.645611
-32.0,26,2611.381051
17.0,24,2612.093874
21.0,26,2612.747266
28.0,29,2613.412878
-4.0,26,2614.272531
32.0,30,2615.389361
1.0,23,2615.958876
-19.0,33,2616.905977
4.0,26,2617.384921
10.0,29,2618.219334
-3.0,26,2618.889026
1.0,25,2619.554942
-14.0,23,2620.473109
11.0,27,2620.996896
-1.0,30,2621.6471
19.0,26,2622.304336
-26.0,30,2623.065907
-5.0,27,2623.726115
14.0,24,2624.251772
11.0,29,2625.097296
30.0,27,2625.787845
5.0,26,2626.611248
24.0,27,2627.447843
12.0,32,2628.241041
23.0,35,2629.168669
28.0,26,2629.862179
4.0,28,2630.963942
32.0,25,2631.689116
22.0,26,2632.334588
-3.0,27,2633.171245
30.0,28,2634.126227
-5.0,24,2634.691882
22.0,24,2635.194386
3.0,25,2635.986409
-14.0,22,2636.720313
22.0,26,2637.462425
9.0,25,2638.147143
16.0,32,2638.965891
18.0,21,2639.730322
2.0,29,2640.656749
17.0,28,2641.448872
14.0,22,2641.982453
15.0,29,2642.781661
-11.0,23,2643.644941
6.0,25,2644.237005
32.0,26,2644.96442
32.0,30,2645.748592
24.0,23,2646.220522
19.0,24,2646.818767
6.0,25,2647.871434
17.0,23,2648.565062
17.0,34,2649.443107
-13.0,23,2650.044714
1.0,28,2650.808172
12.0,24,2651.395872
0.0,28,2652.210977
1.0,35,2653.548904
5.0,24,2654.250836
5.0,28,2654.961655
1.0,27,2655.499291
14.0,29,2656.278972
15.0,30,2656.993724
3.0,36,2658.061675
5.0,26,2658.666361
40.0,29,2701.210206
6.0,32,2702.00146
3.0,29,2702.910755
48.0,28,2703.870728
-15.0,25,2704.498646
10.0,27,2705.053978
3.0,29,2705.829607
-13.0,22,2706.287223
3.0,24,2706.936521
-18.0,28,2707.62742
4.0,24,2901.289883
5.0,30,2901.982071
-2.0,25,2902.732034
12.0,24,2903.224962
42.0,29,2903.983115
26.0,20,3005.20049
32.0,21,3005.834251
17.0,25,3006.904691
11.0,27,3007.617128
21.0,26,3008.482918
-2.0,26,3008.97231
6.0,28,3009.660828
-7.0,27,3010.435625
-12.0,25,3011.479681
3.0,32,3012.398966
6.0,27,3012.972672
-1.0,27,3013.660188
-1.0,25,3014.153736
1.0,26,3015.043875
13.0,31,3016.703351
9.0,24,3017.810601
26.0,27,3018.396704
-12.0,29,3019.256263
15.0,32,3020.047354
8.0,25,3020.828316
2.0,24,3022.182426
4.0,24,3023.559525
3.0,27,3024.511025
11.0,25,3025.507318
22.0,27,3026.585932
10.0,25,3027.20897
15.0,26,3027.978898
-5.0,26,3028.708002
10.0,21,3029.56479
20.0,24,3030.542973
34.0,28,3031.340624
13.0,24,3032.002901
12.0,21,3032.497333
-18.0,24,3033.125964
20.0,29,3033.896241
30.0,23,3034.647342
7.0,28,3035.194756
-1.0,28,3035.910848
6.0,25,3036.764147
33.0,28,3037.42779
6.0,27,3038.050874
27.0,27,3039.209469
8.0,24,3039.768959
4.0,27,3040.532678
4.0,39,3041.641923
24.0,30,3042.729426
21.0,31,3043.453644
7.0,24,3044.098635
-11.0,26,3044.886921
8.0,27,3045.726604
-13.0,27,3046.381899
-1.0,24,3047.017699
7.0,25,3047.519714
9.0,25,3048.801596
27.0,33,3049.739018
6.0,27,3050.906647
32.0,27,3051.593659
8.0,24,3052.285952
8.0,30,3053.322273
20.0,27,3054.072133
-7.0,22,3054.614774
3.0,20,3055.1037
-8.0,31,3056.018464
27.0,28,3056.744907
23.0,26,3057.382212
7.0,28,3058.230927
-4.0,32,3059.364825
13.0,28,3060.3211
13.0,30,3061.152266
-11.0,28,3062.241286
30.0,24,3062.886089
-7.0,24,3063.630814
7.0,30,3257.500776
14.0,29,3258.554924
18.0,25,3259.861693
17.0,23,3260.819018
22.0,23,3261.862495
21.0,30,3263.164918
3.0,32,3264.329702
-4.0,27,3265.899919
19.0,27,3266.807631
27.0,28,3267.728333
22.0,27,3268.616238
24.0,24,3269.156032
34.0,27,3269.924195
-5.0,26,3271.169648
15.0,24,3271.664935
8.0,25,3272.672726
21.0,26,3273.80528
4.0,32,3274.873442
21.0,28,3276.333919
-16.0,24,3277.220602
-8.0,26,3277.87482
-2.0,30,3278.589332
-10.0,27,3279.362114
25.0,24,3279.940534
11.0,26,3280.72519
-1.0,28,3281.606766
7.0,31,3282.322806
25.0,25,3282.850465
14.0,28,3283.594261
39.0,25,3319.887724
13.0,25,3320.831862
34.0,26,3321.896392
23.0,28,3322.524834
10.0,24,3323.498879
-11.0,28,3324.245285
38.0,26,3324.779318
-1.0,22,3325.33823
0.0,25,3325.984723
42.0,26,3326.634751
3.0,26,3327.386192
19.0,27,3328.516371
19.0,24,3329.054775
37.0,28,3330.06713
24.0,26,3330.724679
-31.0,24,3331.458752
22.0,24,3332.074654
66.0,26,3332.736116
15.0,31,3333.589493
6.0,30,3334.285864
36.0,25,3335.033197
27.0,30,3335.869791
15.0,22,3336.491711
22.0,32,3337.360062
7.0,33,3338.17067
4.0,25,3338.814878
18.0,35,3339.566163
8.0,26,3340.237304
30.0,23,3341.007363
21.0,28,3341.694682
4.0,28,3342.466482
27.0,25,3343.133161
23.0,27,3343.832585
-8.0,24,3344.458511
32.0,34,3346.115737
14.0,30,3346.996585
13.0,22,3347.701414
-4.0,25,3348.609774
39.0,24,3349.4748
19.0,29,3350.413805
18.0,24,3350.900044
-10.0,28,3351.579445
10.0,32,3355.030601
17.0,26,3355.767544
21.0,23,3356.392816
5.0,25,3357.055523
13.0,29,3357.799765
13.0,23,3358.466983
-21.0,29,3552.331271
17.0,28,3553.267595
-6.0,31,3554.517723
-7.0,22,3555.446846
9.0,29,3556.59503
20.0,28,3557.730132
0.0,30,3558.5455
9.0,30,3559.301868
3.0,34,3560.798686
21.0,33,3562.164586
16.0,27,3562.961383
-9.0,35,3563.698874
15.0,29,3616.782071
8.0,26,3617.596608
26.0,26,3618.165957
44.0,30,3618.935211
2.0,29,3620.000819
38.0,30,3621.233084
7.0,28,3622.822482
-1.0,26,3623.624853
29.0,27,3624.297897
-7.0,26,3625.266614
5.0,28,3626.248153
11.0,24,3626.776484
8.0,31,3627.740456
7.0,23,3628.592848
25.0,26,3629.202494
22.0,25,3630.046858
-12.0,27,3630.561527
-7.0,30,3631.465334
15.0,26,3632.301971
39.0,33,3633.179749
22.0,29,3634.007895
21.0,28,3635.267145
50.0,27,3635.971527
50.0,27,3636.624607
28.0,26,3637.780342
25.0,27,3638.656404
14.0,28,3639.927103
42.0,25,3640.726315
25.0,26,3641.545031
30.0,27,3642.270159
33.0,27,3643.362394
28.0,33,3644.320985
-8.0,24,3645.511942
33.0,22,3646.331401
-2.0,23,3647.029343
9.0,20,3647.580358
6.0,31,3648.438061
30.0,29,3649.47214
-3.0,29,3650.597636
3.0,27,3651.331754
12.0,31,3652.373222
8.0,32,3653.174697
20.0,25,3654.050579
13.0,31,3655.16236
17.0,26,3656.03022
36.0,24,3656.925658
34.0,28,3658.110789
21.0,30,3659.552612
5.0,29,3660.308515
23.0,28,3661.179603
28.0,28,3662.053359
6.0,26,3662.98066
33.0,31,3663.763177
21.0,29,3664.811425
50.0,27,3741.064253
6.0,25,3741.87245
-1.0,24,3742.683882
43.0,28,3743.400718
13.0,23,3743.873212
48.0,33,3744.92358
18.0,32,3745.913364
19.0,30,3746.911598
10.0,22,3942.623231
36.0,24,3943.226052
-13.0,26,3943.995606
58.0,26,3945.285152
19.0,27,3945.931133
31.0,28,3947.003089
14.0,35,3948.064147
6.0,25,3948.863876
12.0,35,3950.16288
19.0,26,3950.828532
27.0,26,3951.796299
2.0,24,3952.54015
1.0,28,3953.382548
29.0,33,3954.281915
15.0,24,3955.072956
10.0,33,3955.998916
35.0,25,3956.788604
-5.0,24,3957.933621
5.0,36,3959.021425
-5.0,24,3959.868624
15.0,29,3960.916715
42.0,25,3961.916704
39.0,28,3962.844596
69.0,21,3963.463177
24.0,25,3964.311552
39.0,30,3965.187115
18.0,23,3965.900279
39.0,22,3966.881756
44.0,27,3967.665959
20.0,25,3968.180177
33.0,24,3968.994284
26.0,26,3969.721479
-5.0,27,3970.708299
29.0,26,3971.502163
15.0,28,3972.395452
9.0,24,3973.013624
2.0,31,3973.978651
9.0,31,3975.042837
30.0,26,3976.142204
22.0,38,3977.294426
-1.0,23,3977.843456
-3.0,25,3978.77574
16.0,29,3980.144687
38.0,25,3980.801414
29.0,22,3981.668086
3.0,23,3982.227373
-5.0,34,3983.106577
7.0,31,3983.866056
22.0,29,3984.640599
14.0,26,3985.388786
17.0,33,3986.733807
7.0,22,4031.826562
24.0,25,4032.639986
16.0,34,4034.339058
29.0,25,4034.937381
8.0,25,4096.599141
4.0,29,4097.468397
12.0,30,4098.165261
21.0,30,4099.230086
13.0,34,4100.732389
-2.0,26,4101.65217
9.0,26,4102.561983
30.0,25,4103.280231
26.0,30,4104.225237
21.0,24,4104.965592
22.0,25,4105.758598
-4.0,29,4107.065566
32.0,27,4107.84465
27.0,23,4108.989716
5.0,22,4109.690417
14.0,37,4111.204271
39.0,27,4112.164599
5.0,21,4112.726855
3.0,26,4113.403372
34.0,25,4114.040559
17.0,25,4304.695824
6.0,28,4306.600844
21.0,30,4307.915568
19.0,33,4309.108138
32.0,26,4310.035619
1.0,29,4310.759261
27.0,24,4311.486619
-7.0,25,4312.227695
-7.0,25,4312.88244
8.0,31,4313.869831
11.0,44,4315.487806
4.0,29,4316.733558
-4.0,36,4318.210823
30.0,26,4319.092155
-22.0,32,4320.10184
34.0,22,4320.934615
12.0,35,4321.875103
9.0,29,4322.853716
-2.0,26,4324.185702
25.0,30,4325.334415
29.0,28,4326.167407
19.0,29,4327.356584
23.0,22,4328.053768
32.0,29,4328.90046
7.0,28,4420.004001
-19.0,23,4420.73102
20.0,23,4551.883527
6.0,24,4552.392761
-5.0,27,4553.087098
-1.0,24,4678.73582
0.0,26,4679.701325
9.0,31,4680.643929
19.0,35,4681.695641
3.0,21,4682.358265
24.0,35,4683.408437
26.0,26,4684.434001
6.0,30,4685.145101
8.0,33,4686.382197
17.0,25,4687.276161
21.0,29,4688.180362
7.0,25,4688.975208
9.0,21,4689.453416
2.0,27,4690.390406
6.0,32,4691.314539
32.0,35,4692.520081
17.0,35,4693.55769
24.0,29,4694.315193
11.0,38,4695.358413
4.0,31,4696.269353
1.0,23,4696.911516
-1.0,24,4697.794865
16.0,28,4698.317987
30.0,21,4699.115563
15.0,27,4700.008891
16.0,31,4700.979702
6.0,31,4701.89528
0.0,26,4702.757762
8.0,29,4703.658149
21.0,21,4704.194774
9.0,29,4704.924435
26.0,27,4705.738986
15.0,37,4706.665816
-11.0,29,4707.68556
11.0,34,4708.71026
30.0,25,4709.398229
33.0,24,4709.990907
31.0,43,4711.762461
9.0,23,4712.270123
18.0,23,4712.881462
18.0,33,4714.147117
-5.0,26,4714.946861
18.0,31,4716.014062
31.0,28,4909.90033
21.0,31,4910.976467
21.0,25,4911.990293
11.0,30,4940.105234
17.0,29,4996.956933
5.0,24,4997.848493
20.0,32,4998.847347
24.0,23,5044.785154
24.0,32,5045.866839
28.0,26,5047.171283
23.0,24,5048.363951
19.0,28,5049.233057
14.0,30,5049.965581
8.0,23,5050.452272
14.0,31,5051.343697
0.0,32,5052.567819
9.0,32,5054.191151
3.0,27,5055.159742
31.0,26,5056.264407
7.0,32,5056.992202
29.0,30,5058.123
11.0,26,5059.207771
21.0,25,5059.947103
-11.0,31,5061.402353
23.0,26,5062.526753
-1.0,23,5063.422954
25.0,25,5064.536113
37.0,28,5066.008048
44.0,22,5066.588218
8.0,24,5067.437487
39.0,26,5068.404328
34.0,26,5069.280438
47.0,33,5070.27718
1.0,24,5071.095788
41.0,35,5072.563528
35.0,31,5074.143819
18.0,25,5074.903522
43.0,29,5075.757658
32.0,23,5076.639663
22.0,27,5077.684087
7.0,32,5079.350203
20.0,25,5079.940747
3.0,42,5081.497607
21.0,23,5082.077901
10.0,29,5082.818415
19.0,26,5083.906044
41.0,23,5085.169288
30.0,26,5086.216213
15.0,24,5087.019036
44.0,28,5087.742827
22.0,24,5088.512035
-7.0,33,5089.468655
2.0,29,5090.70159
18.0,31,5091.810771
4.0,28,5092.982358
21.0,23,5093.77424
40.0,28,5094.875236
-5.0,28,5095.659712
17.0,25,5096.378939
0.0,27,5097.247379
-12.0,26,5125.041249
16.0,28,5179.062121
-7.0,30,5179.939368
34.0,27,5180.674584
43.0,26,5479.878726
30.0,37,5617.606023
3.0,29,5618.710837
23.0,35,5626.350322
26.0,25,5627.207094
-6.0,26,5628.139859
7.0,27,5760.802292
4.0,27,5858.017804
39.0,23,5858.920472
14.0,25,5859.897156
8.0,30,6053.792859
8.0,32,6054.535642
16.0,31,6055.964192
1.0,30,6056.937293
33.0,26,6057.43462
31.0,23,6058.064359
-5.0,31,6058.998105
27.0,28,6059.938103
42.0,21,6060.679158
14.0,30,6061.844534
20.0,26,6062.634225
21.0,29,6063.5383
10.0,24,6064.517283
8.0,29,6122.858138
25.0,27,6123.938851
14.0,24,6124.689704
-1.0,33,6126.386781
13.0,26,6127.549855
30.0,27,6128.551698
4.0,43,6129.846367
22.0,26,6130.927838
45.0,33,6132.239596
28.0,28,6133.398276
19.0,34,6134.671146
39.0,28,6135.568295
27.0,26,6136.579184
14.0,29,6137.526797
20.0,34,6139.009474
8.0,34,6140.43893
10.0,24,6141.209242
30.0,25,6141.830873
4.0,22,6143.038043
16.0,27,6143.878336
34.0,34,6145.077122
56.0,30,6262.2011
28.0,35,6263.328732
9.0,31,6264.314096
32.0,32,6265.482711
11.0,26,6266.639284
24.0,23,6267.268016
38.0,39,6268.480475
6.0,25,6269.592341
32.0,31,6270.53705
40.0,24,6271.711813
34.0,29,6272.63289
-3.0,31,6273.383597
25.0,29,6274.357067
14.0,21,6275.119769
12.0,27,6275.91626
10.0,27,6276.792488
9.0,32,6277.741293
40.0,31,6279.017744
34.0,24,6279.85474
5.0,34,6281.25525
26.0,24,6371.63833
26.0,35,6372.890557
17.0,30,6373.704493
11.0,31,6374.667553
39.0,30,6375.715649
17.0,26,6377.017769
29.0,37,6378.507575
4.0,23,6379.093545
27.0,39,6380.582329
18.0,23,6381.336034
13.0,27,6393.487252
37.0,29,6394.637948
31.0,22,6395.465868
48.0,34,6396.718036
21.0,35,6434.409262
14.0,32,6435.515497
8.0,26,6436.375956
29.0,33,6630.263861
52.0,22,6631.357919
29.0,27,6632.124891
23.0,24,6632.970475
28.0,24,6633.751983
14.0,26,6635.010349
52.0,26,6635.815859
35.0,27,6636.554007
46.0,27,6637.607463
12.0,27,6638.569782
46.0,28,6639.871538
40.0,35,6641.030471
37.0,34,6642.052392
24.0,26,6643.45273
2.0,33,6644.308485
39.0,27,6645.222833
12.0,25,6646.220867
24.0,35,6743.008712
17.0,31,6744.163143
4.0,32,6745.379614
26.0,33,6746.353934
14.0,25,6747.246784
14.0,34,6748.38777
21.0,24,6857.942386
26.0,35,6956.317556
30.0,26,6957.108863
20.0,24,6957.778027
24.0,25,6958.655431
17.0,29,6959.500432
7.0,45,6961.426006
36.0,35,7042.591993
40.0,32,7043.793295
41.0,26,7147.932945
28.0,31,7148.975986
33.0,24,7149.978056
18.0,25,7150.716139
23.0,32,7151.852687
40.0,32,7154.074388
30.0,33,7155.351434
21.0,29,7156.467306
33.0,33,7157.955392
10.0,33,7158.858241
-1.0,25,7160.036052
38.0,32,7161.046678
9.0,32,7161.998006
36.0,26,7163.154809
31.0,22,7163.676429
33.0,27,7164.58123
31.0,27,7165.605936
35.0,31,7166.373941
31.0,27,7167.247238
31.0,22,7203.729358
37.0,26,7204.355522
15.0,25,7205.241469
9.0,23,7206.099419
23.0,29,7207.65347
24.0,24,7258.463433
28.0,35,7259.650428
26.0,22,7260.487451
0.0,22,7261.122817
28.0,26,7262.009566
32.0,29,7263.927174
37.0,37,7294.071663
10.0,32,7295.246323
16.0,32,7296.154243
9.0,32,7297.219898
31.0,22,7297.709614
62.0,28,7298.987695
10.0,25,7299.52935
13.0,34,7300.864674
17.0,30,7353.126891
25.0,31,7604.04774
42.0,24,7623.96436
25.0,37,7625.179467
25.0,38,7626.271932
14.0,27,7627.354895
37.0,36,7628.433938
25.0,34,7630.141202
46.0,29,7631.154842
19.0,23,7631.935669
38.0,26,7633.186739
11.0,28,7634.609119
28.0,26,7635.617152
24.0,27,7636.368363
4.0,32,7637.476236
20.0,37,7742.841809
59.0,28,7806.353859
11.0,30,7807.717738
34.0,33,7808.707702
-6.0,29,7810.334096
11.0,24,7811.568275
50.0,34,7812.84723
20.0,28,7822.029325
17.0,26,7823.114677
48.0,30,7859.369959
33.0,29,7860.165376
17.0,27,7861.15021
23.0,34,7862.381893
24.0,29,7863.97208
13.0,29,7864.937761
19.0,45,7866.858067
-5.0,22,7867.685192
29.0,36,8171.810671
31.0,41,8173.757285
1.0,26,8174.616474
17.0,30,8175.912452
-8.0,27,8177.20397
27.0,24,8178.445664
4.0,29,8179.281799
15.0,26,8180.313643
7.0,31,8181.393131
18.0,37,8233.160668
49.0,33,8234.177216
25.0,30,8235.450367
23.0,32,8236.862529
24.0,29,8238.11392
58.0,29,8239.282228
-5.0,32,8240.32294
22.0,26,8241.382488
35.0,26,8242.35425
23.0,25,8243.275581
30.0,32,8244.813021
16.0,21,8245.4747
4.0,28,8246.599322
-2.0,33,8247.678305
35.0,30,8249.206494
40.0,37,8250.929498
21.0,24,8252.297747
27.0,32,8253.863265
19.0,27,8254.53866
-4.0,39,8256.637072
15.0,37,8258.064191
28.0,27,8259.179342
35.0,34,8260.565321
37.0,26,8261.819955
13.0,30,8263.068008
38.0,29,8295.311695
19.0,26,8296.198625
14.0,43,8298.098748
31.0,24,8498.993083
29.0,32,8500.726999
57.0,25,8501.721568
28.0,31,8502.861854
30.0,27,8503.974287
28.0,29,8505.065487
-18.0,29,8506.353479
-1.0,23,8520.27429
49.0,24,8521.151444
23.0,24,8522.160656
35.0,27,8523.250904
34.0,33,8524.70326
13.0,25,8525.559152
40.0,22,8526.485947
9.0,28,8528.084221
46.0,30,8530.348153
33.0,31,8531.875513
32.0,32,8533.390968
34.0,28,8534.526034
13.0,23,8535.290576
6.0,25,8567.667166
45.0,31,8568.767655
9.0,29,8570.035662
8.0,32,8571.516226
18.0,27,8573.14332
3.0,27,8574.060105
26.0,32,8575.236324
27.0,30,8576.403751
22.0,34,8578.097162
21.0,29,8579.160537
42.0,25,8580.020434
13.0,28,8581.084238
20.0,26,8582.015896
10.0,25,8582.584431
10.0,34,8583.705887
37.0,31,8584.90305
3.0,35,8586.234108
9.0,32,8587.311846
41.0,32,8588.985902
3.0,27,8590.228463
20.0,27,8591.36193
8.0,25,8592.462683
43.0,25,8593.365697
21.0,28,8594.260676
35.0,33,8595.714764
12.0,24,8596.798797
45.0,25,8598.04467
16.0,40,8599.858001
15.0,33,8601.221589
19.0,25,8602.520307
22.0,32,8604.013756
3.0,47,8605.96599
20.0,33,8607.189299
2.0,29,8608.476089
17.0,32,8610.02801
20.0,29,8611.54043
10.0,34,8613.182543
5.0,26,8614.404342
8.0,32,8615.433641
0.0,30,8653.07738
52.0,27,8713.191617
47.0,27,8714.619402
33.0,24,8715.566752
9.0,28,8716.556797
43.0,30,8826.096434
13.0,27,8826.861238
-12.0,35,8828.36806
29.0,32,8829.731936
8.0,29,8830.833208
38.0,26,9029.417069
41.0,30,9229.781448
38.0,32,9231.065871
35.0,28,9232.05847
12.0,25,9232.845694
13.0,32,9233.876798
27.0,27,9303.493977
38.0,36,9305.082326
16.0,29,9306.475006
5.0,28,9307.324148
14.0,36,9314.059956
81.0,30,9315.182498
14.0,37,9364.322237
18.0,27,9365.839539
68.0,28,9404.826404
20.0,41,9407.045308
9.0,26,9531.275887
24.0,32,9532.61291
54.0,30,9533.755054
8.0,40,9535.656501
17.0,29,9536.876319
21.0,32,9538.554006
33.0,25,9539.476062
14.0,25,9540.407906
9.0,29,9541.579405
35.0,31,9543.726671
33.0,29,9544.94633
31.0,27,9546.049178
24.0,26,9639.369242
34.0,32,9641.303604
34.0,24,9642.463021
17.0,26,9643.731234
17.0,22,9644.93378
33.0,36,9646.165863
33.0,37,9647.530532
27.0,31,9649.016439
34.0,30,9650.609975
29.0,30,9652.210588
17.0,29,9653.131569
-11.0,27,9654.609244
22.0,36,9656.244786
27.0,31,9657.370996
29.0,26,9697.446813
5.0,32,9699.272625
35.0,44,9747.084912
64.0,38,9748.814746
5.0,27,9749.987121
37.0,27,9750.975594
14.0,31,9856.88621
47.0,26,9858.107085
13.0,26,9859.191674
-6.0,30,9860.313441
21.0,27,9861.319126
12.0,30,9862.548401
24.0,30,9864.122906
32.0,36,9865.617262
10.0,37,9867.081484
8.0,26,9868.207877
5.0,35,9869.550607
25.0,25,9870.569332
46.0,34,9871.533119
42.0,29,9908.546919
9.0,27,9909.65969
15.0,27,9910.63037
24.0,41,9912.455472
25.0,28,9913.167446
39.0,29,9914.406185
32.0,37,9915.75045
22.0,29,10115.904072
23.0,39,10171.209128
1.0,38,10174.403094
21.0,25,10175.209748
34.0,37,10176.744438
38.0,29,10213.549953
39.0,27,10214.518428
13.0,37,10243.200313
18.0,26,10244.300944
39.0,31,10245.50264
29.0,31,10447.737176
43.0,38,10485.113463
25.0,31,10486.305839
21.0,28,10487.761901
35.0,30,10488.941191
41.0,38,10577.845612
66.0,26,10578.713615
38.0,33,10579.896247
28.0,29,10580.839818
34.0,27,10581.992354
13.0,56,10635.25844
41.0,30,10636.660178
48.0,36,10638.629707
19.0,32,10639.942043
4.0,34,10642.131747
40.0,33,10643.393507
20.0,30,10644.711514
9.0,32,10804.377774
30.0,23,10805.460478
30.0,30,10806.812515
12.0,27,10808.071591
58.0,27,10881.569614
8.0,25,10882.559741
1.0,29,10883.566381
16.0,26,10884.696613
29.0,33,10905.317859
37.0,26,10906.362268
26.0,46,10908.188359
21.0,32,10909.366691
51.0,35,10910.850124
31.0,31,10912.729016
24.0,26,10913.548454
13.0,32,10914.524863
42.0,29,10915.581334
30.0,31,10916.719098
44.0,34,11102.70155
19.0,27,11103.671846
43.0,27,11105.285459
27.0,26,11107.135498
35.0,26,11108.363319
33.0,29,11110.064697
24.0,32,11111.748173
15.0,39,11113.2221
26.0,38,11227.091278
-8.0,28,11228.640427
17.0,44,11230.808297
30.0,32,11272.99006
12.0,28,11338.215037
30.0,35,11339.795448
36.0,44,11341.877495
28.0,34,11343.328995
63.0,26,11345.395787
29.0,39,11347.233089
8.0,27,11348.311026
23.0,27,11349.332011
58.0,28,11548.783438
32.0,30,11619.454334
29.0,26,11620.653669
48.0,30,11664.972051
39.0,26,11665.984843
31.0,31,11667.32896
22.0,29,11688.814896
36.0,29,11729.912199
38.0,31,11731.114879
26.0,26,11732.417078
-6.0,60,11735.004202
35.0,28,11736.831514
25.0,36,11738.452312
27.0,26,11760.987744
12.0,22,11765.736089
45.0,30,11767.310767
12.0,38,11793.23797
30.0,29,11794.757164
36.0,23,11795.465383
14.0,26,11796.852567
28.0,30,11798.10074
36.0,30,11800.030961
37.0,29,11801.707782
24.0,28,11802.802248
60.0,23,11804.018008
50.0,22,11805.123688
37.0,31,11878.657718
30.0,24,11879.54058
24.0,30,11881.084242
12.0,26,11891.315037
31.0,25,11944.037723
25.0,30,11945.104463
1.0,27,11946.148648
16.0,31,11947.541104
14.0,29,11949.050562
-3.0,35,11950.536826
62.0,31,11951.721459
12.0,32,11953.130811
41.0,33,11955.193888
22.0,33,11956.885937
19.0,31,11958.508075
21.0,26,11959.408526
26.0,23,11960.324244
19.0,33,11961.90956
20.0,28,11966.05757
36.0,33,12009.296123
17.0,32,12011.101759
2.0,26,12045.252517
11.0,28,12046.568502
41.0,31,12047.958263
16.0,29,12049.30204
0.0,34,12051.157046
-5.0,22,12169.39357
22.0,28,12170.549633
44.0,27,12171.836484
6.0,33,12173.243032
55.0,27,12174.802375
15.0,50,12418.443956
48.0,31,12419.70004
20.0,23,12420.499367
19.0,24,12421.871946
17.0,34,12423.764413
39.0,38,12516.563603
17.0,24,12520.433297
31.0,39,12523.006054
17.0,30,12524.772754
18.0,34,12543.349275
48.0,28,12544.953751
36.0,41,12746.231173
32.0,23,12747.316834
8.0,32,12868.092732
28.0,29,12869.241487
21.0,27,12870.344892
58.0,30,12872.140797
27.0,24,12873.305504
20.0,34,12875.133024
38.0,33,12945.7006
15.0,28,12971.875337
35.0,35,13251.830745
37.0,26,13253.270618
43.0,31,13269.080758
6.0,29,13270.074007
40.0,27,13281.927596
21.0,23,13282.885768
28.0,33,13284.228208
16.0,27,13285.37983
3.0,35,13287.453847
28.0,32,13288.851228
23.0,27,13290.055908
27.0,33,13291.092639
55.0,21,13292.774477
83.0,29,13294.022041
28.0,27,13295.035037
1.0,31,13442.11335
21.0,40,13492.72492
41.0,24,13493.652075
26.0,32,13494.7304
38.0,31,13495.941126
23.0,26,13572.78965
25.0,31,13637.237772
30.0,37,13638.841045
45.0,34,13722.220966
25.0,30,13723.493809
11.0,30,13724.765346
35.0,27,13727.364047
29.0,31,13728.839175
16.0,26,13851.256027
20.0,29,13852.8306
24.0,30,14005.683609
28.0,22,14006.500266
27.0,30,14008.024001
29.0,42,14009.766651
32.0,35,14010.962939
43.0,26,14012.152376
43.0,25,14013.71126
12.0,25,14089.949783
40.0,39,14119.003838
6.0,38,14121.188053
51.0,24,14170.772714
28.0,41,14172.781614
11.0,35,14212.474875
0.0,25,14424.444213
30.0,29,14426.014721
21.0,39,14428.031443
34.0,27,14429.483954
40.0,27,14430.503114
25.0,28,14431.557408
39.0,24,14432.69826
13.0,26,14433.988615
15.0,30,14435.321921
14.0,42,14437.260366
11.0,28,14570.050403
19.0,32,14571.620991
34.0,39,14573.657449
42.0,26,14575.651062
31.0,29,14577.173019
2.0,26,14776.651437
35.0,31,14778.774456
15.0,27,14779.867762
13.0,33,14859.961229
15.0,36,14896.280923
38.0,33,14958.504076
32.0,23,14959.852184
8.0,28,14961.257658
17.0,26,14962.514304
37.0,26,15071.163427
38.0,25,15110.298538
47.0,35,15132.265312
40.0,45,15135.236121
16.0,34,15137.145107
24.0,43,15198.203888
44.0,28,15199.337482
24.0,27,15200.446945
46.0,28,15201.621208
18.0,35,15203.302924
33.0,30,15204.553682
33.0,40,15206.623899
34.0,27,15207.555362
28.0,43,15209.799315
15.0,34,15211.18661
14.0,28,15212.812796
31.0,27,15214.568908
9.0,27,15216.037696
24.0,27,15217.334301
27.0,36,15219.027815
12.0,32,15220.596484
56.0,29,15222.407264
25.0,27,15223.573737
59.0,31,15225.461492
20.0,33,15227.219458
37.0,25,15309.728714
3.0,26,15338.815789
30.0,35,15340.266316
41.0,31,15399.441174
24.0,28,15400.519964
12.0,31,15402.255643
31.0,29,15587.72266
26.0,26,15591.276489
28.0,29,15655.812459
47.0,28,15657.605978
19.0,31,15658.704226
37.0,28,15660.033588
30.0,46,15661.927459
40.0,27,15726.098287
53.0,29,15727.411565
45.0,33,15728.705781
20.0,24,15729.679467
-15.0,32,15731.131929
12.0,23,15732.631637
-2.0,38,15734.625069
27.0,31,15736.367079
16.0,31,15737.974743
15.0,27,15739.112088
57.0,35,15740.651278
29.0,34,15742.771744
15.0,30,15744.402648
14.0,24,15745.464306
41.0,29,15746.780238
53.0,30,15748.060157
25.0,41,15756.648441
29.0,22,15757.485385
7.0,23,15758.467551
27.0,40,15760.302061
31.0,28,15996.407339
-3.0,26,16019.530792
27.0,27,16161.293228
44.0,30,16239.178037
54.0,28,16240.411847
42.0,31,16241.888298
28.0,35,16243.238359
33.0,29,16244.435124
31.0,29,16245.729404
29.0,28,16246.771461
28.0,29,16248.199924
19.0,31,16249.695221
28.0,32,16251.226594
29.0,34,16253.235024
6.0,35,16254.939523
6.0,36,16256.445717
32.0,29,16284.157118
13.0,35,16349.972537
25.0,40,16351.476254
49.0,28,16352.755968
29.0,25,16353.975463
39.0,32,16355.541162
5.0,45,16357.558836
6.0,28,16359.065293
33.0,34,16361.293322
36.0,28,16362.804899
41.0,31,16364.484351
40.0,34,16366.102453
39.0,28,16367.034177
24.0,34,16368.915371
26.0,43,16370.988457
24.0,47,16561.510634
27.0,28,16562.989515
11.0,34,16666.17752
42.0,29,16688.526229
30.0,23,16689.821962
55.0,38,16759.692441
28.0,29,16761.132557
16.0,31,16806.034703
41.0,26,16816.785098
20.0,33,16837.27489
30.0,25,16838.316263
37.0,36,16840.007168
53.0,24,16841.137204
8.0,29,16842.615682
19.0,37,16844.286205
17.0,31,16845.496371
14.0,40,16847.846493
28.0,29,16870.449083
32.0,36,16894.833935
50.0,29,16896.254289
-6.0,37,16898.513082
6.0,34,17075.102583
9.0,26,17076.244513
16.0,29,17077.481182
9.0,34,17079.139494
39.0,29,17080.657292
26.0,33,17196.388091
14.0,32,17237.537969
15.0,46,17239.548168
31.0,34,17326.896832
8.0,28,17584.297702
24.0,28,17585.672366
-12.0,29,17586.700191
24.0,34,17788.215119
44.0,27,17837.50516
25.0,33,17900.358084
54.0,36,17904.735067
33.0,30,17905.920705
25.0,30,17907.278626
38.0,26,17937.238911
24.0,42,17939.318959
27.0,30,17960.833243
42.0,24,17962.579374
58.0,32,17964.115822
16.0,23,17965.084105
28.0,27,17994.899551
30.0,31,17996.497392
55.0,29,17997.856923
44.0,26,17999.062268
14.0,29,18000.488438
33.0,49,18006.978944
14.0,32,18008.623957
43.0,36,18013.112189
46.0,34,18033.296702
34.0,33,18034.761543
33.0,26,18035.729959
15.0,30,18037.338565
35.0,23,18038.44303
38.0,30,18040.027694
33.0,31,18067.303519
14.0,28,18069.17804
32.0,38,18087.815724
13.0,35,18162.081998
17.0,35,18163.738029
7.0,26,18205.749284
31.0,30,18266.789716
4.0,26,18268.454026
27.0,43,18402.176103
40.0,28,18403.449619
25.0,27,18404.662376
11.0,35,18450.000365
26.0,38,18451.808668
36.0,38,18453.788838
32.0,24,18489.500721
31.0,35,18491.193217
42.0,37,18545.022735
25.0,28,18597.991975
19.0,39,18799.10291
26.0,23,18800.561771
25.0,38,18802.32268
52.0,38,18804.420284
21.0,29,18821.718839
21.0,21,18822.514797
23.0,33,18823.790452
52.0,30,18824.882544
49.0,29,18825.781097
39.0,25,18826.876851
48.0,29,18877.378212
11.0,29,18932.745531
21.0,55,18935.279213
14.0,43,18987.809542
44.0,26,18989.202407
28.0,49,18992.197597
23.0,27,18993.463698
21.0,22,19009.284347
1.0,40,19058.794283
38.0,25,19059.741597
28.0,24,19060.948383
31.0,27,19260.194066
15.0,31,19287.769491
15.0,29,19289.267874
32.0,35,19323.798223
26.0,62,19332.502723
22.0,26,19385.931754
54.0,39,19466.305723
29.0,41,19467.951787
31.0,24,19468.807349
23.0,27,19470.305709
31.0,36,19529.122683
8.0,38,19530.885908
36.0,35,19532.906099
27.0,23,19533.828948
40.0,24,19535.05631
44.0,32,19586.760763
30.0,25,19587.598142
11.0,29,19589.474345
28.0,25,19590.972264
23.0,48,19593.044979
39.0,48,19596.131129
38.0,44,19598.691836
36.0,25,19599.680916
25.0,37,19683.509616
16.0,25,19684.416826
33.0,40,19686.281846
36.0,24,19687.401807
44.0,28,19696.521437
30.0,33,19698.986976
40.0,33,19700.615593
18.0,43,19702.510911
14.0,29,19703.655936
33.0,23,19705.232716
32.0,37,19723.093889
26.0,28,19724.886394
35.0,34,19727.178398
24.0,28,19728.862705
22.0,44,19731.534231
27.0,30,19733.620979
29.0,48,19736.24966
44.0,36,19858.097895
44.0,31,19945.017406
37.0,32,19946.518186
44.0,21,19947.703517
26.0,30,19949.32723
41.0,32,19965.951997
29.0,36,19967.136868
48.0,34,19996.614668
51.0,33,20203.006791
4.0,43,20346.705296
22.0,29,20348.193448
63.0,36,20350.398125
18.0,30,20467.442473
22.0,31,20469.726928
40.0,38,20500.104611
36.0,28,20697.145607
40.0,38,20797.334895
24.0,51,20799.859878
33.0,25,20801.336023
31.0,23,20802.029259
44.0,34,20803.620809
25.0,49,21004.910469
53.0,24,21006.820627
22.0,43,21009.133931
46.0,28,21010.32595
27.0,32,21011.922587
34.0,23,21018.228395
54.0,21,21019.285618
57.0,29,21020.644928
55.0,27,21176.552352
43.0,34,21178.757978
18.0,38,21304.802941
36.0,28,21306.369466
28.0,38,21308.327615
12.0,30,21310.125173
19.0,30,21311.713104
31.0,25,21312.864893
64.0,32,21314.548017
20.0,37,21562.001472
31.0,27,21744.457196
52.0,29,21745.963015
42.0,35,21747.294764
46.0,31,21748.91231
17.0,31,21778.815651
20.0,34,21780.462651
22.0,33,21814.096874
35.0,31,21815.729082
59.0,28,21817.485219
26.0,37,21819.750381
21.0,22,21821.040522
15.0,53,21881.093379
38.0,36,21891.311273
29.0,29,21922.439799
47.0,34,21984.008693
14.0,35,22177.867499
28.0,48,22180.277685
46.0,28,22181.548762
25.0,22,22182.750692
45.0,29,22184.399219
42.0,33,22185.728405
32.0,37,22187.791735
16.0,27,22188.976788
27.0,24,22190.065086
41.0,30,22236.15046
51.0,29,22237.688193
29.0,42,22239.529656
39.0,31,22241.106122
38.0,32,22246.676922
3.0,30,22320.131996
38.0,33,22321.556473
36.0,27,22505.000611
31.0,29,22506.473875
42.0,25,22577.113137
15.0,41,22579.401414
34.0,29,22645.923413
9.0,29,22666.592924
64.0,31,22705.428311
21.0,30,22707.42608
17.0,36,22709.669233
21.0,34,22711.543416
-7.0,32,22713.237954
10.0,24,22714.129082
35.0,30,22715.415698
15.0,25,22716.798425
27.0,29,22718.295668
33.0,30,22719.519344
2.0,34,22921.431499
45.0,29,22922.924401
38.0,33,22924.662709
25.0,31,22926.14254
14.0,29,22927.576656
33.0,31,22928.968082
36.0,29,22930.574889
16.0,40,22995.678234
32.0,31,23122.233767
19.0,25,23123.394261
24.0,24,23124.840428
48.0,32,23126.091337
16.0,32,23127.395962
21.0,31,23256.640973
32.0,27,23258.572366
30.0,24,23259.901119
22.0,42,23262.013137
23.0,49,23303.890699
23.0,23,23315.44864
21.0,32,23316.979974
2.0,30,23431.323316
21.0,30,23433.024485
44.0,33,23434.998279
34.0,26,23436.440041
42.0,32,23437.877192
24.0,29,23522.935908
38.0,28,23524.63875
27.0,52,23527.58363
55.0,32,23528.958717
29.0,25,23552.668992
16.0,26,23557.378358
26.0,30,23558.893898
50.0,34,23560.479754
26.0,27,23562.304318
27.0,29,23574.408582
29.0,29,23747.92387
21.0,34,23906.061965
34.0,29,23908.16647
23.0,27,23920.977579
31.0,44,23998.741695
30.0,30,24000.446838
2.0,28,24001.987848
23.0,29,24081.626164
25.0,36,24084.166696
24.0,38,24086.228245
15.0,32,24087.741447
20.0,43,24185.978657
20.0,23,24187.637828
26.0,22,24213.990067
31.0,27,24216.104457
16.0,37,24218.13206
13.0,29,24220.01703
6.0,35,24250.686071
19.0,33,24252.190576
32.0,24,24280.673398
26.0,27,24283.689556
23.0,36,24285.296022
33.0,29,24319.960625
15.0,39,24349.304598
-2.0,32,24370.550055
4.0,27,24372.079489
37.0,39,24479.289519
27.0,28,24480.52128
11.0,26,24481.832691
31.0,30,24904.269808
11.0,50,25212.303978
20.0,29,25214.154997
12.0,39,25224.922474
28.0,39,25227.211721
15.0,24,25228.71741
42.0,40,25236.173688
51.0,29,25237.872133
16.0,44,25239.860398
20.0,37,25242.343847
33.0,28,25243.578757
76.0,27,25244.616687
14.0,29,25343.56754
26.0,32,25408.936846
16.0,31,25410.751915
16.0,32,25412.798464
32.0,34,25414.503913
25.0,30,25416.247633
21.0,31,25417.755036
18.0,30,25419.448043
59.0,27,25421.045561
30.0,32,25422.358222
49.0,32,25424.262074
30.0,29,25457.705327
28.0,36,25471.001023
43.0,29,25472.66407
17.0,36,25474.223543
10.0,52,25492.74748
15.0,35,25494.123945
42.0,26,25495.249735
36.0,27,25496.438295
15.0,26,25497.84021
42.0,34,25550.262244
-8.0,27,25575.001292
30.0,29,25605.449017
24.0,24,25609.920517
35.0,25,25611.636483
37.0,27,25612.955586
-1.0,35,25614.478126
35.0,47,25616.757792
31.0,25,25617.59887
78.0,32,25619.104091
24.0,49,25690.901515
35.0,26,25692.480597
45.0,33,25796.444475
-9.0,40,25849.799538
14.0,33,25851.610304
46.0,27,25853.153976
21.0,30,25864.761677
35.0,24,25885.280505
21.0,37,25887.775285
39.0,34,25889.752366
23.0,29,25906.705029
8.0,27,25907.877311
15.0,37,25910.050632
53.0,36,25912.031874
26.0,25,25913.443244
34.0,29,25914.835665
52.0,31,25959.748368
27.0,27,25961.507528
33.0,30,25963.610126
42.0,27,25965.327554
22.0,39,25992.073359
53.0,56,26211.412567
13.0,28,26270.326621
49.0,34,26471.652498
28.0,24,26473.123981
-10.0,26,26474.337182
25.0,22,26475.384996
21.0,28,26476.7514
20.0,31,26478.931464
29.0,38,26514.948057
18.0,39,26672.735757
54.0,29,26674.348176
39.0,23,26676.59487
32.0,38,26680.506043
16.0,40,26682.632469
7.0,41,26685.889124
22.0,28,26687.29979
55.0,24,26688.147181
42.0,38,26690.283243
16.0,38,26707.648761
18.0,32,26774.69233
25.0,27,26798.322166
40.0,32,26804.323183
24.0,52,26806.5857
50.0,40,26808.232326
24.0,41,26810.335298
16.0,36,27084.962882
20.0,40,27087.180068
6.0,43,27091.831954
26.0,38,27130.464852
26.0,27,27131.834372
24.0,30,27133.48728
40.0,27,27134.979125
23.0,36,27137.129365
36.0,32,27138.704318
21.0,26,27140.170341
58.0,34,27142.426656
31.0,44,27158.270365
12.0,37,27196.838439
9.0,32,27198.549046
8.0,36,27200.450357
18.0,37,27201.893065
20.0,44,27250.486714
31.0,32,27278.540529
34.0,25,27279.892492
49.0,30,27281.865647
33.0,25,27283.165717
41.0,27,27379.350392
55.0,48,27426.117496
47.0,38,27428.380521
35.0,26,27429.281426
29.0,35,27431.54851
24.0,30,27432.862888
28.0,23,27433.940435
30.0,25,27435.287985
49.0,31,27436.71604
19.0,26,27438.068684
38.0,32,27439.565864
30.0,21,27440.337828
28.0,29,27457.058041
24.0,33,27458.49577
37.0,42,27460.430561
48.0,38,27462.330459
11.0,57,27560.512349
34.0,39,27758.253067
54.0,44,27761.200575
37.0,27,27762.727485
10.0,32,27764.256907
27.0,39,27766.159572
44.0,30,27767.533601
33.0,29,27769.127929
45.0,26,27770.100137
41.0,65,27773.523306
32.0,36,27775.581806
37.0,32,27777.180161
27.0,31,28041.424539
11.0,35,28090.400351
16.0,38,28222.317968
3.0,32,28224.311513
33.0,28,28314.281882
33.0,29,28365.290593
38.0,26,28366.754319
9.0,51,28369.738065
36.0,28,28371.340074
13.0,35,28410.003735
38.0,32,28467.341584
28.0,39,28469.639696
39.0,36,28471.644184
2.0,27,28473.430241
24.0,33,28475.725019
26.0,36,28477.755676
37.0,30,28488.569337
36.0,25,28490.66687
34.0,32,28491.941097
33.0,53,28702.828106
31.0,27,28704.720018
42.0,42,28741.443227
17.0,41,28779.720873
15.0,23,28781.107107
45.0,28,28782.612944
55.0,38,28784.603324
34.0,70,28855.730111
35.0,31,28857.19715
15.0,27,28867.121275
27.0,29,28868.365715
9.0,24,28869.674517
30.0,28,28870.912637
35.0,23,28872.23834
26.0,26,28878.66162
20.0,28,28880.229424
38.0,26,28881.47394
8.0,37,28883.252673
24.0,31,28899.431106
52.0,35,28901.071936
25.0,39,28903.044247
25.0,31,29286.529407
14.0,33,29288.421991
38.0,31,29289.872676
41.0,28,29291.410675
50.0,24,29364.833529
31.0,32,29366.724022
13.0,50,29446.274428
33.0,31,29461.30998
34.0,41,29608.115443
27.0,24,29609.659539
35.0,23,29897.330811
71.0,41,29913.303048
17.0,29,29915.17292
23.0,30,29917.109812
75.0,36,29918.962081
31.0,29,29961.883912
41.0,28,30022.187052
19.0,29,30023.737836
-21.0,41,30079.098577
54.0,45,30382.568669
10.0,52,30385.834854
22.0,34,30387.847263
28.0,26,30388.971431
13.0,31,30390.606956
21.0,23,30391.680012
15.0,28,30392.789419
22.0,41,30394.932591
41.0,28,30424.888744
31.0,41,30427.276148
47.0,37,30429.059042
63.0,28,30491.53321
22.0,33,30529.133625
28.0,34,30550.484138
28.0,31,30552.086125
36.0,36,30591.782197
18.0,25,30593.149861
9.0,28,30594.33559
20.0,49,30597.293312
61.0,33,30599.090247
23.0,35,30651.296098
-2.0,32,30951.392034
35.0,23,30952.602639
40.0,26,30953.720269
25.0,69,30957.420232
47.0,28,30958.67033
10.0,28,30960.114747
53.0,27,31067.934755
38.0,40,31070.311321
16.0,26,31071.373723
34.0,31,31072.959452
31.0,25,31074.441165
15.0,26,31075.322608
3.0,24,31103.219321
48.0,33,31104.627695
40.0,54,31163.701004
8.0,36,31165.676923
24.0,32,31167.642263
18.0,30,31169.326391
11.0,26,31174.455596
21.0,33,31241.492142
34.0,44,31243.973925
30.0,26,31245.557136
42.0,32,31247.372187
34.0,33,31249.151868
54.0,35,31278.571627
26.0,37,31280.559404
25.0,33,31391.357205
46.0,52,31662.552693
30.0,53,31736.36416
39.0,25,31738.028894
40.0,28,31739.818527
17.0,32,31940.649986
15.0,41,32191.963192
10.0,32,32198.907197
26.0,29,32201.035015
9.0,28,32202.576038
28.0,32,32210.590801
29.0,33,32228.679023
39.0,31,32235.756161
11.0,26,32236.86756
48.0,34,32238.410227
48.0,35,32240.281163
27.0,42,32242.414245
8.0,39,32272.174211
17.0,38,32289.260954
23.0,68,32293.327012
18.0,38,32295.099774
55.0,30,32296.899592
20.0,35,32433.688946
32.0,29,32435.056473
30.0,30,32436.397615
50.0,29,32437.601121
25.0,25,32438.811437
35.0,35,32440.495292
20.0,26,32448.384381
29.0,30,32450.144212
22.0,38,32655.868676
19.0,28,32657.622465
19.0,23,32659.265252
5.0,43,32668.407794
58.0,31,32789.268166
54.0,28,32846.765372
11.0,35,32848.261092
39.0,49,32889.835752
32.0,29,32891.657178
28.0,34,32893.738097
32.0,27,32894.90417
28.0,24,32896.177198
47.0,29,32897.516217
14.0,45,33130.408427
8.0,47,33133.615245
30.0,29,33135.526994
69.0,27,33136.758879
54.0,29,33138.02399
19.0,40,33141.872192
21.0,34,33170.01366
32.0,27,33173.687122
7.0,35,33205.935823
22.0,32,33207.788254
47.0,26,33209.038979
28.0,42,33341.379885
47.0,41,33375.4053
55.0,27,33379.399655
46.0,41,33484.845654
29.0,29,33512.202762
27.0,26,33617.946974
36.0,25,33619.679116
17.0,20,33620.973408
31.0,26,33622.075261
28.0,24,33623.157567
27.0,39,33625.115858
38.0,41,33663.548209
41.0,35,33728.576947
5.0,43,33929.612813
50.0,40,33931.497652
37.0,27,33932.980785
11.0,61,33970.413587
14.0,31,33973.840735
22.0,32,33975.620795
17.0,30,34033.418748
39.0,33,34066.339812
39.0,32,34077.739347
64.0,31,34099.563013
21.0,24,34101.252035
15.0,23,34102.400023
9.0,35,34205.460474
21.0,42,34218.526207
42.0,25,34328.217027
24.0,23,34359.331396
34.0,25,34360.58945
16.0,29,34362.056035
40.0,41,34399.069952
21.0,38,34401.55942
56.0,40,34404.052042
21.0,31,34459.454278
29.0,26,34460.585008
36.0,35,34462.623246
25.0,24,34502.762265
13.0,35,34655.590037
21.0,41,34683.975582
10.0,43,34686.132931
36.0,35,34688.094054
30.0,37,34689.811342
42.0,32,34962.75309
31.0,24,34964.242849
31.0,28,34965.743851
48.0,42,34996.645704
51.0,31,35147.11768
29.0,29,35185.921244
34.0,27,35210.123951
39.0,27,35211.315289
33.0,52,35288.061428
24.0,36,35289.652463
60.0,35,35339.697758
25.0,27,35340.942856
15.0,32,35342.984337
8.0,32,35344.922318
19.0,30,35346.592363
12.0,33,35456.762361
16.0,23,35486.570121
21.0,24,35487.935157
12.0,48,35510.334134
41.0,29,35512.21777
37.0,33,35513.889344
5.0,30,35514.973262
27.0,34,35568.042492
20.0,60,35613.210867
52.0,35,35615.220563
32.0,33,35616.549105
35.0,30,35618.223632
60.0,24,35745.219537
40.0,27,35746.524932
28.0,33,35758.754288
31.0,38,35783.869357
34.0,30,35785.660978
34.0,45,35987.347421
29.0,36,36188.628195
64.0,36,36267.715189
49.0,34,36571.378101
28.0,44,36744.343185
26.0,36,36746.463785
39.0,36,36839.163116
26.0,47,36881.098393
27.0,30,36882.63577
37.0,32,36884.4676
-1.0,30,36886.386603
18.0,31,36887.995874
36.0,34,36889.896448
26.0,49,36892.547935
52.0,31,36894.479034
23.0,47,36963.072309
34.0,40,36964.967553
11.0,25,36966.514661
44.0,36,36969.008523
24.0,38,36971.105025
34.0,30,36993.027924
39.0,27,36994.404787
32.0,50,36997.133663
42.0,33,36998.918105
22.0,32,37000.630717
37.0,41,37002.960176
35.0,29,37004.945099
15.0,47,37066.722975
12.0,22,37096.238804
17.0,33,37133.783276
39.0,30,37212.539545
39.0,23,37213.850452
25.0,28,37215.05522
53.0,30,37216.796844
29.0,36,37237.794011
28.0,32,37239.746161
32.0,34,37331.689307
4.0,33,37455.702549
32.0,28,37744.373196
32.0,23,37745.23579
18.0,38,37885.163747
24.0,48,37887.658618
34.0,29,38011.230127
2.0,27,38013.523921
23.0,34,38015.423165
40.0,37,38016.866927
33.0,58,38019.724734
31.0,41,38071.324957
28.0,32,38163.802791
19.0,35,38165.571972
43.0,28,38227.364235
53.0,29,38266.178099
23.0,33,38283.396886
11.0,46,38309.835324
49.0,32,38399.359439
23.0,33,38689.650807
15.0,28,38691.129955
34.0,30,38718.6029
23.0,38,38919.764007
-9.0,25,39112.931229
6.0,37,39151.739416
19.0,25,39180.907817
38.0,24,39182.353078
24.0,29,39184.002555
55.0,28,39185.718529
53.0,25,39190.596513
24.0,31,39240.902671
30.0,43,39250.951627
37.0,24,39252.183941
32.0,28,39253.455374
46.0,30,39254.82416
21.0,30,39266.805003
31.0,24,39268.003209
22.0,29,39378.857924
16.0,23,39430.251791
41.0,33,39452.636222
21.0,28,39454.931326
31.0,22,39456.18173
34.0,40,39458.417252
40.0,33,39506.775101
26.0,23,39591.388131
46.0,37,39595.54206
20.0,40,39654.676377
44.0,33,39866.605646
6.0,27,39867.962196
35.0,33,39981.90967
44.0,43,39984.230306
36.0,34,39986.071909
17.0,61,40045.217586
48.0,32,40046.942901
19.0,35,40075.223078
29.0,26,40076.474812
43.0,43,40107.554013
11.0,28,40109.292947
14.0,28,40132.774672
17.0,25,40134.049838
23.0,30,40154.940618
32.0,25,40155.943216
22.0,31,40157.747148
31.0,34,40160.450368
5.0,24,40170.680773
14.0,24,40171.956022
42.0,27,40229.976458
15.0,28,40316.229454
36.0,31,40336.698729
6.0,37,40338.827951
22.0,32,40340.91985
9.0,41,40380.154531
38.0,35,40420.656436
37.0,34,40422.337553
21.0,34,40547.456727
25.0,31,40549.109163
52.0,30,40550.813601
29.0,22,40605.809919
3.0,43,40893.267405
29.0,47,40956.51774
38.0,36,40958.182522
26.0,30,40959.682445
14.0,49,41033.478012
56.0,30,41053.498265
46.0,24,41054.907506
55.0,29,41057.105054
40.0,37,41058.854694
30.0,34,41258.708908
15.0,45,41261.419813
12.0,29,41263.072117
27.0,33,41264.975377
47.0,42,41399.712073
23.0,31,41401.200465
47.0,35,41489.973542
30.0,28,41491.518275
52.0,32,41493.483212
34.0,28,41494.829878
14.0,56,41498.046743
44.0,55,41591.955505
33.0,25,41593.156065
42.0,33,41594.630542
47.0,28,41596.140302
44.0,27,41597.905124
14.0,42,41605.223867
20.0,36,41609.303935
27.0,38,41646.331581
32.0,44,41775.547503
38.0,25,41776.943791
26.0,42,41789.258657
18.0,47,41797.517478
23.0,35,41799.484098
37.0,42,41801.823682
53.0,30,41865.188206
39.0,26,41866.855849
23.0,36,41869.228917
25.0,43,42050.435179
25.0,32,42074.415987
25.0,41,42077.359032
-2.0,27,42099.142707
20.0,37,42102.160575
25.0,29,42106.339718
38.0,34,42109.117077
15.0,49,42236.987911
27.0,38,42617.694048
25.0,26,42618.963933
-10.0,34,42620.316235
26.0,45,42623.265975
20.0,31,42624.738341
49.0,30,42626.319979
9.0,70,42633.475651
22.0,32,42634.94655
32.0,40,42637.07944
22.0,30,42638.884278
33.0,35,42640.652156
54.0,27,42677.117423
27.0,34,42774.182008
44.0,30,42830.242355
17.0,47,42979.502229
26.0,25,42981.077878
13.0,37,42983.436277
16.0,49,42986.508083
29.0,37,42988.944726
47.0,27,42990.597125
38.0,25,42991.919385
26.0,37,43200.490773
66.0,35,43202.489752
36.0,29,43204.332464
20.0,37,43205.898542
31.0,22,43206.964243
62.0,32,43209.353259
27.0,83,43215.255161
24.0,39,43217.541853
15.0,34,43219.337425
25.0,34,43221.259599
28.0,30,43222.910091
27.0,31,43224.92825
52.0,33,43230.523663
32.0,28,43404.964201
24.0,39,43407.824109
30.0,31,43409.2226
35.0,50,43569.216318
62.0,25,43570.168088
17.0,47,43572.609597
24.0,36,43634.521927
31.0,28,43664.982553
22.0,28,43671.782383
49.0,40,43674.019689
14.0,31,43675.300771
44.0,26,43680.118809
23.0,31,43706.828465
26.0,30,43872.966691
16.0,36,43920.499449
25.0,37,43988.438668
22.0,32,43990.467811
32.0,32,43992.21588
44.0,38,43994.48811
11.0,36,43996.402878
27.0,27,44034.818212
29.0,28,44036.245178
23.0,33,44038.575073
14.0,35,44184.4589
9.0,40,44186.804489
22.0,45,44189.434859
29.0,25,44190.500604
27.0,30,44191.811945
35.0,28,44193.402461
40.0,28,44194.456497
32.0,40,44227.6412
10.0,30,44229.382183
31.0,36,44252.806777
46.0,34,44254.946787
35.0,32,44342.37014
41.0,33,44344.405158
20.0,35,44346.891059
49.0,34,44368.283867
22.0,35,44539.330644
65.0,27,44587.846818
21.0,36,44624.143908
28.0,33,44625.782485
19.0,37,44629.415923
23.0,33,44631.250486
31.0,44,44633.935776
29.0,29,44635.035324
11.0,43,44851.748691
35.0,31,44853.402432
32.0,62,45027.577678
43.0,28,45028.970812
35.0,38,45031.302104
26.0,30,45032.569791
26.0,25,45033.900374
63.0,42,45036.144117
59.0,32,45037.648922
85.0,26,45039.184689
30.0,41,45041.220865
20.0,42,45047.814976
41.0,52,45051.140373
29.0,43,45058.299428
34.0,31,45059.901517
47.0,51,45063.168928
41.0,56,45224.182572
22.0,47,45226.395249
54.0,27,45227.745244
24.0,28,45229.119923
35.0,41,45302.358482
42.0,24,45303.982945
23.0,29,45305.567334
53.0,24,45306.651746
50.0,26,45384.569952
36.0,28,45387.483476
18.0,43,45563.650977
48.0,27,45675.506018
16.0,36,45867.391631
36.0,26,45869.325049
32.0,38,45930.541925
17.0,62,45979.42138
21.0,35,45981.808933
13.0,38,46046.27922
24.0,32,46053.021862
22.0,34,46122.297188
17.0,31,46123.984963
21.0,32,46125.456621
15.0,31,46126.574687
44.0,33,46180.17473
34.0,28,46181.955438
37.0,46,46184.801999
-3.0,29,46186.590515
44.0,28,46196.102253
-27.0,34,46399.367053
21.0,37,46643.1236
31.0,56,46674.44751
24.0,23,46675.407713
25.0,35,46677.713153
35.0,31,46679.096311
25.0,44,46680.911515
21.0,29,46719.743852
34.0,53,46722.899898
19.0,62,46754.706343
43.0,28,46756.012713
68.0,27,46757.063385
29.0,36,46759.433198
20.0,37,46959.822696
35.0,30,46961.654239
40.0,44,46964.418752
31.0,39,46974.234365
44.0,29,46976.149161
31.0,28,46978.634227
48.0,41,47029.847358
24.0,64,47193.734574
22.0,74,47197.554612
34.0,36,47199.395594
22.0,35,47201.464675
29.0,44,47215.897398
20.0,41,47218.616877
11.0,42,47220.459008
23.0,20,47312.234908
35.0,43,47425.607775
21.0,24,47426.819856
43.0,27,47428.222833
22.0,37,47430.031946
28.0,40,47432.074726
44.0,36,47434.001134
39.0,35,47518.344034
16.0,27,47552.514189
26.0,27,47553.844005
55.0,29,47555.188588
39.0,32,47556.585563
34.0,30,47558.029372
37.0,47,47560.959846
13.0,35,47562.536704
30.0,37,47564.540431
24.0,39,47566.539904
24.0,78,47570.695637
15.0,31,47572.877869
37.0,34,47650.312931
25.0,41,47654.789923
41.0,33,47657.203423
31.0,34,47661.538267
25.0,30,47737.889056
35.0,58,47873.897113
46.0,24,47875.078293
41.0,23,47876.081057
52.0,31,47904.339739
39.0,45,47907.126335
35.0,35,47935.10345
16.0,47,47937.402189
26.0,51,47959.727596
25.0,91,47965.81197
42.0,25,47967.118447
15.0,30,48057.188945
18.0,28,48095.771592
55.0,25,48096.975555
36.0,37,48099.332906
14.0,44,48101.307742
26.0,34,48103.36372
29.0,23,48416.420572
21.0,42,48418.360132
72.0,29,48420.043689
11.0,45,48422.257955
18.0,30,48423.711918
33.0,38,48425.574644
37.0,28,48426.866649
70.0,34,48428.87974
36.0,36,48430.802418
42.0,43,48433.516802
12.0,30,48464.166615
42.0,41,48466.485674
37.0,27,48467.861785
27.0,24,48586.038814
19.0,42,48679.53745
32.0,32,48681.274801
12.0,68,48731.504628
6.0,26,48733.41986
40.0,27,48734.829059
32.0,49,48751.249976
18.0,43,48869.573868
33.0,54,48895.522826
47.0,36,49004.066738
9.0,53,49025.558585
16.0,28,49096.841678
32.0,24,49334.977577
40.0,44,49487.498409
25.0,33,49628.400182
22.0,35,49629.674534
37.0,27,49631.056248
41.0,27,49677.358958
15.0,32,49679.403481
20.0,31,49681.112113
-3.0,30,49683.136401
41.0,39,49685.008421
25.0,37,49687.400118
38.0,33,49689.325081
10.0,57,49800.121016
26.0,38,49802.544655
25.0,29,49804.515191
30.0,33,49806.83879
19.0,23,49808.606565
31.0,52,49833.400251
22.0,42,49863.190197
31.0,31,49869.639415
26.0,35,49877.552845
26.0,53,49880.790558
29.0,24,49995.221859
32.0,26,49996.856823
10.0,26,49999.063573
6.0,30,50000.731522
20.0,34,50002.253665
29.0,28,50004.397673
23.0,23,50006.069998
32.0,33,50007.986414
40.0,36,50010.439211
23.0,39,50013.039744
20.0,27,50020.366205
39.0,37,50220.479378
58.0,35,50222.842884
24.0,33,50224.803618
42.0,36,50245.856931
39.0,43,50248.671867
6.0,31,50250.305351
8.0,85,50254.957854
41.0,35,50257.037262
48.0,29,50302.938139
23.0,24,50304.445663
32.0,31,50306.273406
63.0,26,50307.566071
49.0,54,50311.4057
15.0,30,50312.640523
44.0,38,50370.476618
63.0,28,50372.074209
56.0,32,50373.710702
31.0,61,50376.787973
28.0,24,50378.03362
28.0,71,50403.51444
25.0,26,50404.801254
36.0,26,50406.45628
25.0,50,50409.364207
24.0,38,50457.369074
47.0,43,50459.855218
53.0,30,50462.219784
38.0,39,50500.876616
5.0,43,50529.111364
50.0,38,50532.886087
40.0,35,50535.362079
32.0,41,50537.682964
18.0,26,50539.012778
35.0,31,50541.217479
19.0,30,50542.866209
42.0,37,50703.598049
8.0,80,50708.022992
37.0,49,50723.437432
18.0,33,50781.445094
12.0,33,50898.464924
30.0,29,50900.287022
38.0,36,50902.022419
41.0,34,50952.967144
40.0,27,51045.096142
23.0,27,51049.847699
32.0,36,51051.650089
21.0,41,51053.942436
39.0,27,51056.59261
17.0,44,51133.57079
10.0,34,51207.949877
42.0,38,51210.564209
36.0,31,51212.092719
48.0,35,51275.617515
35.0,24,51277.000891
29.0,74,51323.849687
27.0,32,51545.732419
52.0,36,51616.596362
24.0,46,51619.318334
-2.0,32,51631.980764
35.0,36,51644.737013
18.0,36,51698.542137
19.0,33,51727.782869
57.0,33,51729.778689
28.0,82,51734.345133
26.0,40,51753.872506
16.0,27,51828.19217
20.0,45,51830.636654
27.0,45,51833.434708
39.0,30,51877.030564
47.0,29,51920.318096
27.0,48,51923.649374
42.0,79,51966.899173
37.0,25,51968.151097
60.0,24,51969.42056
39.0,42,51971.978683
30.0,27,51973.499142
42.0,36,51975.189674
29.0,33,52011.448556
40.0,35,52166.12647
24.0,40,52221.137949
29.0,27,52222.549355
43.0,31,52224.095109
45.0,28,52225.6669
28.0,31,52245.355834
13.0,52,52301.945071
30.0,49,52384.95468
18.0,30,52414.653214
20.0,39,52425.914578
22.0,36,52442.989789
21.0,33,52444.732781
22.0,63,52447.725765
9.0,45,52676.569891
24.0,55,52679.722986
15.0,43,52685.011683
21.0,25,52733.929095
48.0,35,52747.889894
20.0,34,52836.390472
13.0,28,52837.923808
28.0,35,52894.514947
16.0,60,52897.430831
45.0,37,53005.515645
21.0,28,53007.195149
42.0,52,53010.404612
49.0,33,53079.772758
30.0,36,53081.766703
18.0,51,53084.408583
13.0,26,53085.736535
52.0,36,53104.173833
24.0,33,53305.168151
20.0,25,53306.504051
22.0,41,53308.82638
64.0,29,53311.16531
23.0,32,53313.109327
21.0,32,53315.357409
33.0,35,53317.303664
37.0,30,53318.874209
16.0,75,53530.179628
34.0,43,53595.308513
48.0,43,53597.807512
32.0,26,53599.35436
24.0,27,53600.829513
30.0,34,53602.892956
43.0,29,53604.36412
19.0,36,53606.948067
27.0,31,53608.737188
23.0,30,53610.461478
43.0,35,53695.921353
42.0,34,53766.907575
41.0,30,53768.426513
25.0,36,53855.904209
51.0,29,53885.633688
52.0,26,53930.667912
36.0,27,53932.38966
22.0,34,53973.833114
44.0,57,53977.840977
63.0,26,53979.40162
15.0,28,54054.981757
39.0,29,54077.012082
46.0,51,54079.877342
18.0,40,54081.834899
35.0,57,54085.117922
30.0,39,54086.906134
32.0,28,54229.782816
13.0,63,54234.171431
48.0,32,54281.913511
24.0,25,54361.362566
27.0,27,54363.231359
18.0,32,54476.722371
34.0,28,54478.655511
33.0,30,54480.275068
31.0,30,54481.512193
47.0,29,54503.387991
53.0,55,54527.197466
29.0,60,54695.158359
13.0,28,54697.112509
16.0,26,54722.75528
43.0,35,54724.567334
48.0,29,54832.421542
58.0,31,54848.61608
24.0,35,54864.517058
23.0,46,54948.841806
50.0,43,54950.963855
25.0,49,54953.358854
47.0,22,54954.678513
29.0,30,55009.422558
200.0,38,55302.03332
27.0,27,55303.556755
9.0,33,55305.581274
30.0,29,55307.259423
37.0,51,55309.864715
28.0,54,55486.160025
10.0,30,55572.592182
47.0,24,55573.689381
19.0,40,55575.746175
51.0,24,55576.87457
52.0,24,55578.168401
12.0,57,55581.062361
25.0,46,55583.061987
34.0,48,55585.709076
31.0,38,55588.000607
43.0,32,55658.632922
1.0,26,55660.097636
27.0,40,55762.449386
56.0,23,55843.573246
68.0,39,55845.866661
18.0,42,55847.650446
44.0,40,55888.023775
15.0,40,56049.673025
29.0,33,56068.334232
53.0,33,56070.266267
48.0,32,56096.367336
31.0,24,56097.324825
25.0,38,56195.116501
15.0,25,56196.937356
64.0,37,56214.054567
28.0,42,56300.241839
-8.0,27,56328.918411
25.0,27,56330.465313
29.0,27,56392.335603
27.0,40,56439.007438
48.0,30,56440.428611
34.0,32,56442.569938
26.0,43,56445.314477
26.0,27,56446.752255
31.0,65,56492.713757
28.0,50,56495.793542
45.0,23,56497.479738
24.0,42,56499.86121
31.0,41,56637.199801
20.0,53,56760.155421
28.0,30,56761.636294
55.0,26,56763.055119
30.0,29,56845.897301
35.0,30,56905.771339
40.0,49,57059.138599
38.0,46,57140.650086
33.0,64,57144.384246
41.0,59,57148.100202
15.0,50,57203.179332
18.0,88,57713.856491
46.0,37,57716.294365
55.0,39,57758.141763
33.0,40,57787.659327
37.0,68,58061.921318
25.0,25,58125.073838
38.0,47,58259.695642
18.0,36,58261.793923
48.0,39,58263.828786
13.0,34,58265.629061
19.0,75,58313.93186
3.0,38,58378.26256
31.0,31,58396.52673
34.0,22,58397.67493
11.0,25,58398.921468
21.0,77,58486.480542
73.0,30,58492.448377
30.0,38,58493.759943
61.0,43,58523.364193
18.0,29,58525.17677
22.0,28,58526.379159
35.0,27,58527.669097
52.0,28,58551.519738
28.0,29,58640.471932
16.0,33,58642.42989
10.0,35,58767.3007
29.0,69,58868.149987
2.0,28,58887.939015
49.0,39,58926.965557
30.0,37,58928.766974
22.0,29,58930.100837
19.0,41,59039.248801
34.0,40,59092.240792
13.0,37,59094.392912
24.0,28,59095.698221
42.0,28,59097.299683
17.0,52,59100.346741
27.0,34,59103.168536
30.0,38,59105.151509
4.0,32,59125.60112
28.0,33,59127.687949
48.0,35,59129.385513
33.0,45,59294.561048
55.0,32,59371.580002
23.0,26,59373.360652
40.0,40,59375.746617
24.0,33,59566.123882
1.0,50,59797.619766
52.0,42,59852.211609
44.0,28,60013.849364
30.0,41,60016.293914
24.0,40,60018.490666
30.0,41,60025.373462
48.0,34,60027.447931
38.0,31,60228.904261
26.0,39,60231.317563
42.0,42,60268.696011
27.0,42,60294.512288
23.0,37,60372.897905
38.0,26,60426.134325
33.0,88,60430.726959
49.0,26,60451.808532
33.0,40,60453.883957
18.0,50,60519.060877
28.0,37,60560.010487
7.0,25,60561.351217
39.0,28,60580.810657
34.0,35,60582.839692
39.0,27,60609.32929
8.0,34,60611.211038
44.0,46,60700.848799
14.0,93,60834.061597
48.0,38,60873.676989
44.0,27,60883.976853
41.0,34,60886.17363
37.0,47,60888.929718
36.0,25,60889.99543
29.0,28,61141.854939
28.0,35,61143.883126
179.0,44,61257.853639
30.0,32,61398.303056
33.0,40,61509.949682
51.0,74,61514.362277
15.0,40,61516.099502
15.0,39,61518.248199
50.0,32,61519.632466
25.0,31,61575.436553
33.0,32,61611.593181
29.0,45,61613.941886
37.0,36,61615.870366
30.0,26,61617.619599
33.0,23,61618.725151
32.0,31,61620.592975
50.0,45,61640.398165
29.0,50,61642.454574
49.0,41,61788.839996
39.0,51,61811.212733
34.0,31,61823.952208
32.0,36,61825.846036
-1.0,32,61829.118126
32.0,50,62029.22062
20.0,24,62030.540448
56.0,47,62319.570027
71.0,71,62432.668201
38.0,40,62441.984573
40.0,27,62443.777682
25.0,24,62810.911611
10.0,89,62864.957113
21.0,31,62868.55193
38.0,27,63049.572336
41.0,33,63126.76066
52.0,30,63128.550461
31.0,31,63130.496039
24.0,48,63175.88494
18.0,53,63219.577143
39.0,55,63222.596332
37.0,37,63224.986253
24.0,50,63228.181094
33.0,27,63229.381825
23.0,52,63504.132304
45.0,25,63583.725912
45.0,25,63584.650635
33.0,33,63587.243739
11.0,37,63622.803162
11.0,42,63659.078167
45.0,31,63660.899318
49.0,41,63662.976821
43.0,37,63665.15766
16.0,34,63666.911924
32.0,37,63669.541717
36.0,37,63671.476089
25.0,53,63675.351972
24.0,52,63742.056731
24.0,25,63763.668725
19.0,41,63786.018352
24.0,33,63787.951014
45.0,31,63789.746122
42.0,39,63792.244477
29.0,42,63794.291855
14.0,140,64009.286114
49.0,32,64010.870443
32.0,40,64013.106053
21.0,48,64100.76572
22.0,21,64101.801845
31.0,50,64181.031188
56.0,38,64183.229746
19.0,34,64184.885937
20.0,31,64297.509405
32.0,27,64299.37744
19.0,25,64335.967631
20.0,28,64337.159148
19.0,39,64380.248818
47.0,26,64382.229674
50.0,39,64396.937862
21.0,31,64403.631699
42.0,56,64429.156247
48.0,34,64534.491647
16.0,75,64791.863105
31.0,31,64803.386257
33.0,64,64811.212653
39.0,59,64850.33899
43.0,33,64954.456633
49.0,34,64972.740631
22.0,38,64974.64338
7.0,38,64976.880884
33.0,37,64979.035731
29.0,29,64980.801691
43.0,33,65236.861123
23.0,38,65238.78192
43.0,34,65240.921219
16.0,57,65244.290272
18.0,30,65246.034257
23.0,41,65248.306694
15.0,44,65250.58385
20.0,34,65475.282358
25.0,36,65477.375612
47.0,39,65479.817996
84.0,24,65480.839898
30.0,45,65542.499664
16.0,41,65648.09218
19.0,25,65649.799362
37.0,29,65651.295252
6.0,49,65654.192841
33.0,27,65655.419103
23.0,24,65736.286558
44.0,33,65781.302717
-2.0,48,65882.997375
23.0,45,65986.333073
16.0,26,65987.474368
23.0,34,65989.594094
17.0,35,65992.874009
33.0,47,65995.461704
19.0,34,65997.380806
25.0,32,66078.096748
24.0,40,66080.269599
17.0,31,66082.067926
40.0,50,66427.558513
10.0,41,66589.222799
38.0,37,66645.705717
51.0,45,66648.708387
2.0,35,66651.236537
41.0,29,66653.253751
49.0,34,66655.972356
41.0,31,66664.128647
38.0,81,66874.780073
40.0,32,67338.053133
50.0,33,67392.280945
13.0,42,67451.669272
21.0,29,67491.630487
4.0,33,67493.746998
42.0,29,67495.455688
64.0,32,67694.218773
20.0,41,67696.621738
54.0,32,67699.410622
14.0,42,67701.690183
33.0,31,67703.42533
29.0,26,67704.952852
11.0,87,67854.742482
17.0,90,67953.207246
35.0,33,67955.414889
26.0,54,68003.799448
46.0,31,68060.352801
34.0,48,68175.677007
30.0,33,68234.54994
34.0,34,68246.764079
27.0,39,68248.854673
47.0,44,68291.224144
15.0,37,68293.252289
16.0,38,68405.578197
46.0,43,68588.267095
55.0,35,68590.350946
25.0,35,68593.077033
17.0,26,68631.608238
34.0,46,68634.531086
39.0,36,68637.023777
25.0,36,68639.17982
30.0,30,68640.655755
60.0,28,68717.074936
25.0,39,68775.850881
39.0,46,68778.208217
48.0,35,68779.916085
42.0,32,68868.542827
7.0,41,68899.716074
34.0,27,68901.501251
41.0,42,68903.511718
28.0,42,68905.506541
10.0,76,68966.367617
49.0,43,69047.528654
38.0,33,69071.74844
8.0,68,69152.571946
32.0,152,69467.702192
24.0,31,69469.673931
45.0,50,69472.424354
35.0,60,69578.110353
37.0,57,69581.095238
30.0,40,69583.282185
34.0,34,69584.970471
54.0,38,69838.383395
47.0,48,69977.472741
26.0,128,70163.401356
8.0,58,70299.515252
25.0,28,70300.938963
19.0,29,70302.672582
24.0,48,70451.161429
40.0,31,70480.687686
23.0,30,70509.734423
37.0,32,70511.848022
16.0,30,70513.640994
44.0,47,70563.306406
36.0,42,70565.573542
57.0,29,70566.990118
19.0,27,70567.98697
47.0,31,70569.516889
49.0,30,70571.288176
38.0,30,70572.681059
17.0,190,70757.577851
22.0,29,70862.27502
17.0,36,70864.641657
14.0,29,70940.707288
10.0,39,70942.734883
6.0,32,70944.504911
13.0,54,70994.008342
19.0,30,71010.561811
18.0,49,71012.97316
24.0,24,71014.448769
41.0,37,71032.438245
11.0,31,71034.189896
32.0,47,71036.876403
31.0,36,71233.026719
24.0,45,71418.853419
10.0,33,71479.016254
50.0,61,71539.310256
29.0,34,71597.699167
19.0,29,71599.6146
38.0,35,71638.668213
39.0,35,71745.658803
17.0,27,71747.117666
9.0,79,71788.45092
17.0,36,71790.885015
26.0,30,71840.389698
31.0,42,71842.023713
28.0,45,71957.954812
17.0,29,71959.772705
32.0,34,71961.800641
50.0,25,71963.45599
4.0,30,71965.635413
48.0,37,72167.218615
43.0,33,72253.454011
37.0,32,72255.159807
24.0,39,72257.470535
21.0,24,72259.538992
9.0,73,72264.043211
14.0,37,72266.73192
31.0,35,72301.032918
12.0,23,72338.462718
32.0,29,72340.322794
48.0,25,72397.795213
42.0,34,72399.929749
18.0,39,72402.348623
41.0,36,72403.992486
39.0,55,72407.333931
48.0,27,72408.480996
65.0,33,72442.597282
19.0,33,72444.134902
42.0,34,72445.842795
40.0,31,72487.176512
48.0,38,72533.271249
37.0,33,72535.313875
26.0,50,72721.435872
44.0,35,72743.841747
18.0,50,72746.78505
50.0,55,72753.437929
23.0,28,72755.056212
40.0,46,72757.685694
8.0,28,72759.258896
32.0,27,72760.578407
32.0,36,72762.521421
17.0,42,72830.991499
48.0,36,72832.939378
25.0,41,72835.372977
10.0,28,72837.725421
37.0,40,72934.375544
35.0,34,72936.189756
54.0,31,72938.2338
28.0,39,73030.240304
23.0,48,73033.801446
19.0,39,73114.998694
50.0,51,73166.926999
49.0,45,73169.264689
32.0,61,73335.626451
30.0,27,73392.407969
15.0,27,73393.875191
39.0,25,73453.053675
33.0,38,73468.319682
26.0,44,73597.057906
54.0,34,73598.826715
22.0,27,73600.302906
35.0,33,73601.959875
37.0,38,73604.028411
24.0,50,73607.15523
11.0,59,73638.211554
61.0,29,73839.255971
29.0,29,73841.172306
27.0,52,73885.166945
33.0,39,74013.86581
27.0,32,74016.021027
14.0,43,74017.932713
30.0,53,74021.18897
50.0,49,74037.805272
23.0,24,74039.216706
37.0,34,74040.824675
59.0,26,74219.660744
60.0,32,74258.393143
4.0,30,74284.735103
31.0,42,74300.079026
28.0,42,74441.333869
24.0,29,74442.502837
28.0,40,74444.435194
55.0,32,74608.145567
8.0,28,74678.203762
45.0,41,74680.118495
21.0,42,74828.402505
54.0,39,74881.208203
34.0,32,74883.155223
58.0,29,74884.579275
43.0,34,74886.432841
25.0,32,74966.694346
15.0,28,75158.727114
21.0,37,75210.549544
48.0,27,75293.717068
10.0,41,75295.541306
26.0,53,75345.559602
31.0,37,75347.498013
22.0,28,75438.09079
40.0,50,75448.243509
21.0,25,75449.757828
47.0,21,75450.637336
23.0,69,75454.798102
30.0,32,75531.00605
28.0,38,75606.155013
51.0,30,75627.323625
30.0,33,75628.88365
34.0,38,75802.382807
5.0,50,75805.20911
41.0,35,75807.126141
34.0,29,75809.225556
58.0,34,75811.114785
47.0,55,75814.396316
24.0,31,75852.042482
37.0,36,75890.728974
49.0,31,75969.265681
41.0,27,75970.545903
28.0,34,76049.03942
-13.0,30,76050.614283
12.0,29,76051.885377
41.0,54,76079.750545
7.0,33,76083.766646
26.0,42,76350.1101
47.0,49,76367.938936
30.0,42,76371.505133
20.0,36,76435.663067
37.0,65,76547.50586
16.0,24,76548.918794
29.0,63,76728.927154
7.0,56,76761.986412
40.0,37,76763.803845
28.0,47,76766.359548
43.0,35,76782.438757
32.0,33,76784.427618
36.0,42,76786.276174
32.0,40,76827.680396
34.0,55,76866.510498
50.0,39,76868.569463
46.0,27,76870.622272
19.0,37,76872.591532
38.0,63,76876.099755
-10.0,46,76878.966202
32.0,43,76882.049237
23.0,39,76884.683698
7.0,34,76908.885773
38.0,37,76911.034573
9.0,41,76924.549914
38.0,30,76997.81132
47.0,48,77008.506082
23.0,41,77010.824933
19.0,55,77013.172681
40.0,31,77015.100563
36.0,32,77017.264928
33.0,31,77029.752896
46.0,29,77031.460289
17.0,76,77036.528197
38.0,44,77058.467691
23.0,135,77081.147381
46.0,41,77169.70076
29.0,27,77171.256626
14.0,26,77172.399124
25.0,113,77221.612411
26.0,36,77223.43936
25.0,49,77225.884321
19.0,31,77227.85714
61.0,48,77230.78427
24.0,56,77234.471013
29.0,35,77435.052859
40.0,41,77437.35453
49.0,42,77439.872872
19.0,50,77442.39816
37.0,28,77456.904738
24.0,37,77537.319109
42.0,55,77541.338495
26.0,35,77543.892989
22.0,54,77711.057254
21.0,29,77712.64472
29.0,102,77741.200053
60.0,30,77743.238322
25.0,52,77763.946299
25.0,63,77767.546528
17.0,39,77770.136468
37.0,54,77772.620083
39.0,27,77774.658954
34.0,71,77779.682412
49.0,38,77781.996266
28.0,46,77855.471266
49.0,40,77900.717495
12.0,42,77902.801924
38.0,34,77905.054577
42.0,34,77920.541594
31.0,35,77924.366346
34.0,34,77929.857435
37.0,42,77935.575506
43.0,27,77936.815645
43.0,43,77999.676573
13.0,70,78011.843408
23.0,23,78013.052732
26.0,29,78088.048796
40.0,30,78089.451944
33.0,37,78091.817189
30.0,31,78347.408864
11.0,21,78348.48057
41.0,23,78360.496369
25.0,35,78407.097677
44.0,32,78556.507622
57.0,29,78558.382192
22.0,36,78559.792637
17.0,67,78563.077739
53.0,48,78639.393235
17.0,39,78667.492021
24.0,60,78684.571842
63.0,36,78686.07439
44.0,31,78687.823081
27.0,23,78689.165901
25.0,118,78895.364687
38.0,52,78917.843127
46.0,35,78958.329432
30.0,44,78960.901656
24.0,53,79089.625974
29.0,33,79203.301748
38.0,57,79241.107469
36.0,29,79257.934125
42.0,63,79266.88858
22.0,27,79268.643748
37.0,29,79270.583593
44.0,28,79271.998739
59.0,33,79274.069901
25.0,35,79495.202212
53.0,38,79609.218132
4.0,40,79611.83167
25.0,36,79614.541656
29.0,44,79676.386553
9.0,31,79678.459905
15.0,71,79682.17992
63.0,52,79684.506733
24.0,32,79686.425388
54.0,37,79688.212958
42.0,45,79691.29572
26.0,23,79692.657512
16.0,29,79694.139638
33.0,25,79695.538675
31.0,26,79697.009246
50.0,27,79698.632338
50.0,46,79754.224931
7.0,34,79756.782176
19.0,39,79759.34957
21.0,39,79780.68977
45.0,44,79802.195292
33.0,77,79859.827211
30.0,52,79862.619868
15.0,27,79864.180795
27.0,42,79866.618896
38.0,49,79870.200683
24.0,41,79935.477091
15.0,54,79937.89218
44.0,28,79939.19756
54.0,29,79970.308273
47.0,26,79971.714985
20.0,60,79974.877781
15.0,148,79982.329965
28.0,65,80025.445501
39.0,41,80027.544852
33.0,53,80232.42596
11.0,40,80252.038484
32.0,25,80253.683828
23.0,72,80279.238239
4.0,45,80281.317291
13.0,64,80339.696429
34.0,27,80366.042997
31.0,42,80514.899173
31.0,43,80564.229129
36.0,40,80566.068406
63.0,27,80899.718355
40.0,42,80919.770109
39.0,26,80921.166098
3.0,25,80922.67162
6.0,33,80926.069326
47.0,39,80948.384624
24.0,74,80996.69662
51.0,28,81045.0507
33.0,41,81048.136936
19.0,32,81049.851312
40.0,31,81051.524813
22.0,42,81118.511974
46.0,38,81121.773734
33.0,28,81123.107911
36.0,31,81151.423852
27.0,47,81247.869279
20.0,32,81364.587143
12.0,67,81367.861761
42.0,23,81401.909848
54.0,34,81403.615794
17.0,67,81462.884582
39.0,59,81718.536384
53.0,34,81720.324346
42.0,28,81721.902342
66.0,37,81723.932579
40.0,42,81753.252698
39.0,34,81755.027141
14.0,77,81963.584385
21.0,41,82079.244084
28.0,67,82150.663606
26.0,51,82235.805892
46.0,37,82276.983417
53.0,47,82319.374131
43.0,25,82333.419672
6.0,36,82335.377692
3.0,36,82337.48389
25.0,121,82364.643853
6.0,38,82366.610546
31.0,175,82626.756253
35.0,46,82629.14103
23.0,34,82631.022784
20.0,157,82645.186568
17.0,41,82648.036024
23.0,40,82650.316236
27.0,52,82693.774889
22.0,40,82695.559055
21.0,66,82894.828332
17.0,33,82902.963821
45.0,36,82952.072351
33.0,51,82954.692441
43.0,97,83006.07868
20.0,96,83010.563429
28.0,39,83012.975487
36.0,39,83042.448625
30.0,30,83157.542663
27.0,41,83160.203081
11.0,39,83162.172429
33.0,32,83163.928247
34.0,41,83165.955576
23.0,51,83209.167397
37.0,44,83251.712801
37.0,35,83253.48909
21.0,126,83260.994117
37.0,26,83262.678993
37.0,34,83287.614729
14.0,55,83418.528891
34.0,48,83470.270191
30.0,72,83474.386803
14.0,30,83476.305923
27.0,25,83477.720403
32.0,29,83479.308661
9.0,30,83480.957123
40.0,49,83532.545872
18.0,87,83595.58896
40.0,33,83598.066566
17.0,43,83599.904863
45.0,28,83799.183148
30.0,46,83801.811608
37.0,31,83803.204611
41.0,31,83805.145037
21.0,32,83823.31291
34.0,43,83866.770252
33.0,31,83868.596786
12.0,51,83871.837711
14.0,30,84092.474327
55.0,74,84258.650056
55.0,36,84272.13058
22.0,55,84306.197652
59.0,28,84316.111923
34.0,40,84350.293018
36.0,55,84408.228506
22.0,26,84428.285689
23.0,32,84434.903338
16.0,32,84462.327374
36.0,28,84485.143215
54.0,42,84518.63081
23.0,32,84520.540596
35.0,79,84540.078404
35.0,38,84544.330873
13.0,39,84547.072492
31.0,40,84656.018048
30.0,41,84658.636221
22.0,58,84662.838723
32.0,30,84665.07631
17.0,42,84689.711255
29.0,36,84692.159639
24.0,49,84720.4318
24.0,50,84722.940449
60.0,49,84868.657107
62.0,27,84907.092626
33.0,59,84910.23359
25.0,41,84912.633962
24.0,31,85138.72355
30.0,53,85319.553072
52.0,26,85537.787559
27.0,60,85587.538753
11.0,49,85590.554019
19.0,38,85592.95592
55.0,54,85652.343132
18.0,49,85655.036991
23.0,38,85731.034093
35.0,25,85732.343163
35.0,51,85734.703515
32.0,38,85736.558841
33.0,40,85739.531002
43.0,60,85942.459872
20.0,43,85945.23234
34.0,62,86178.57815
24.0,29,86180.250731
27.0,53,86212.224598
36.0,28,86294.966508
29.0,27,86296.541395
15.0,29,86298.641435
14.0,46,86301.887043
39.0,43,86479.872355
27.0,60,86582.048984
27.0,45,86584.516248
29.0,33,86586.412393
35.0,42,86588.511804
-1.0,47,86591.835282
41.0,33,86594.02701
30.0,37,86595.897653
27.0,45,86600.601641
28.0,38,86675.07365
19.0,43,86705.73833
33.0,30,86707.472717
36.0,52,86710.169368
30.0,31,86711.509125
58.0,24,86712.862863
26.0,32,86714.975261
25.0,33,86717.32439
34.0,57,86720.219548
12.0,39,86746.895313
29.0,28,86748.827311
32.0,24,86750.301183
23.0,181,86837.889632
32.0,29,86839.573601
38.0,140,87037.974667
34.0,28,87115.13549
25.0,51,87220.224231
24.0,71,87252.827054
26.0,55,87422.781931
22.0,60,87426.139496
34.0,36,87428.168062
24.0,38,87430.304458
23.0,34,87432.392886
27.0,22,87474.276109
55.0,71,87493.615872
30.0,36,87500.061388
37.0,34,87700.063611
30.0,81,87981.886425
28.0,53,88009.572389
56.0,27,88010.976953
36.0,33,88053.452227
24.0,32,88054.937497
47.0,31,88056.668432
39.0,24,88066.821246
47.0,38,88068.871335
36.0,24,88070.1002
26.0,112,88270.792373
34.0,29,88272.894651
43.0,29,88344.727916
8.0,26,88346.741918
23.0,56,88350.603749
16.0,29,88357.227883
34.0,51,88451.975088
17.0,63,88455.574977
21.0,41,88458.103758
29.0,49,88505.968685
28.0,29,88507.592104
18.0,51,88565.94584
15.0,59,88578.911922
40.0,56,88581.966968
15.0,46,88584.49383
41.0,43,88652.591404
34.0,30,88654.247772
22.0,32,88656.265596
64.0,32,88670.967888
31.0,22,88672.143557
60.0,36,88674.488119
37.0,34,88687.344556
24.0,40,88750.406175
37.0,34,88966.152313
53.0,45,89017.462062
27.0,123,89024.978384
23.0,56,89049.453438
29.0,49,89051.782668
4.0,34,89053.817673
41.0,32,89055.700491
23.0,42,89084.998852
33.0,39,89087.78725
37.0,63,89149.667164
46.0,35,89344.732159
8.0,45,89353.063351
28.0,30,89402.173259
32.0,40,89408.020045
51.0,29,89508.251752
19.0,28,89735.59157
31.0,44,89738.302327
38.0,27,89740.211126
41.0,53,89743.406718
55.0,40,89745.117355
24.0,36,89746.746607
20.0,53,89805.182561
17.0,29,89839.860766
57.0,45,89951.510613
51.0,31,89953.278983
56.0,27,89954.838487
17.0,33,89956.627803
17.0,73,89982.246102
29.0,40,89984.767292
39.0,44,90112.279716
46.0,30,90114.079041
39.0,22,90115.440392
36.0,32,90165.382631
5.0,47,90191.669145
30.0,34,90193.738331
22.0,58,90317.363468
35.0,49,90320.551741
28.0,44,90446.380352
23.0,91,90494.854114
41.0,46,90509.623603
36.0,40,90520.643994
66.0,48,90523.509579
26.0,28,90525.162926
43.0,33,90590.219697
22.0,44,90598.52479
26.0,154,91062.542243
32.0,36,91069.971229
19.0,49,91215.976301
55.0,37,91244.455244
34.0,43,91247.09872
33.0,29,91251.568684
19.0,59,91254.597661
61.0,36,91256.396576
25.0,36,91257.649376
33.0,37,91259.463929
-8.0,25,91260.383724
47.0,44,91264.78483
49.0,30,91266.376896
34.0,81,91385.266517
26.0,25,91386.737049
31.0,28,91388.141633
62.0,30,91455.877568
20.0,34,91658.537354
19.0,29,91660.386518
48.0,28,91662.019742
29.0,53,91664.752559
18.0,34,91666.147845
53.0,28,91667.450791
34.0,59,91670.661584
25.0,45,91673.669552
29.0,25,91679.342015
26.0,57,91682.642694
4.0,40,91684.671438
36.0,33,91686.209462
77.0,35,91687.697302
43.0,35,91716.397368
1.0,35,91718.429705
46.0,41,91965.276003
67.0,28,91966.775412
20.0,52,91969.668344
40.0,42,91974.777892
38.0,46,92051.045047
19.0,29,92056.533951
37.0,54,92092.14727
33.0,85,92133.241683
24.0,30,92134.736701
53.0,61,92393.935369
42.0,55,92519.577918
25.0,54,92537.116476
47.0,42,92638.666717
30.0,35,92700.561716
45.0,33,92738.928192
21.0,71,92811.561534
26.0,58,92815.682997
28.0,29,92817.232895
18.0,43,92819.537981
41.0,33,92821.641281
19.0,28,92956.749436
26.0,149,93165.776948
43.0,68,93198.868787
29.0,73,93203.327295
15.0,40,93251.050621
38.0,71,93255.394061
31.0,28,93257.121389
32.0,34,93259.568845
21.0,36,93261.785399
41.0,71,93464.082147
48.0,29,93465.820564
39.0,31,93518.52825
9.0,31,93718.575865
37.0,54,93747.365809
4.0,41,93752.145429
53.0,36,93753.698463
25.0,38,93756.170291
52.0,31,93837.472207
37.0,50,93840.90292
-4.0,39,93843.238303
16.0,38,93845.070916
38.0,34,93846.85892
64.0,45,93849.161433
14.0,44,93854.555882
33.0,71,93858.714594
17.0,31,93860.730052
11.0,35,93935.383504
41.0,45,93982.987761
31.0,24,93986.929708
48.0,28,93988.526116
29.0,43,93997.863162
39.0,44,94075.48701
17.0,33,94126.324908
26.0,111,94132.191282
28.0,42,94134.508311
46.0,24,94213.900389
45.0,38,94360.707848
32.0,42,94362.594114
14.0,46,94384.806375
21.0,28,94386.37804
26.0,33,94388.205289
27.0,26,94389.962034
52.0,28,94391.636217
58.0,46,94394.829793
15.0,32,94396.809029
14.0,35,94435.075555
42.0,35,94511.31592
15.0,46,94513.877807
29.0,27,94515.772848
33.0,25,94517.296976
33.0,47,94519.961595
41.0,42,94701.922716
36.0,50,94779.031695
31.0,34,94874.903454
-5.0,37,94923.763657
61.0,52,95188.540569
35.0,23,95189.7643
8.0,30,95191.298386
36.0,42,95193.509519
33.0,28,95195.495421
39.0,25,95196.76916
58.0,34,95198.765355
29.0,123,95643.247665
61.0,46,95645.481676
39.0,29,95646.898018
26.0,91,95670.750982
18.0,29,95719.785546
24.0,37,95722.389885
16.0,35,95724.891715
35.0,45,95753.585996
19.0,29,95755.175791
11.0,137,95791.172444
31.0,53,95794.306396
4.0,40,95797.193937
14.0,83,95802.409051
33.0,41,95851.016444
14.0,70,95855.150399
36.0,61,95858.880826
43.0,40,95879.34159
25.0,36,95881.561382
23.0,37,95883.737049
25.0,40,95885.894851
44.0,39,95999.159137
3.0,45,96001.580037
42.0,25,96003.175627
35.0,66,96141.480128
23.0,28,96143.136288
28.0,35,96145.441561
25.0,48,96147.978813
37.0,49,96151.320121
38.0,76,96193.359587
23.0,33,96254.161937
29.0,61,96304.318075
22.0,29,96306.304961
22.0,86,96355.447514
44.0,26,96356.740541
33.0,24,96358.758012
45.0,60,96362.149803
15.0,28,96364.073653
20.0,29,96365.938974
53.0,41,96483.058557
40.0,38,96485.089848
30.0,50,96487.86768
53.0,45,96490.127688
58.0,35,96736.317443
21.0,61,96741.724913
42.0,67,96745.426444
32.0,37,96748.181178
17.0,44,96854.151817
31.0,40,96856.361907
22.0,25,96858.472634
20.0,51,96862.049054
53.0,40,97091.295496
12.0,27,97138.444197
44.0,29,97140.004614
44.0,38,97142.441758
21.0,36,97182.313276
26.0,43,97242.831003
26.0,49,97245.226316
50.0,61,97291.885171
41.0,64,97320.799184
35.0,24,97322.442863
34.0,50,97384.69664
20.0,76,97606.075616
38.0,74,97635.547605
27.0,26,97890.480711
51.0,37,97930.364406
48.0,54,97958.507995
13.0,25,97959.479158
63.0,29,97961.189135
40.0,73,97997.202908
65.0,30,97999.365592
46.0,62,98038.255647
73.0,41,98083.715975
64.0,56,98086.975862
0.0,43,98089.519863
44.0,31,98183.500847
22.0,86,98236.922577
9.0,32,98238.420991
29.0,39,98240.520419
33.0,22,98242.193912
35.0,78,98277.925449
33.0,31,98300.52831
32.0,69,98483.983438
33.0,47,98561.857303
64.0,48,98665.229086
10.0,29,98746.46007
31.0,35,98748.85699
31.0,55,98751.996256
31.0,28,99254.492402
32.0,61,99258.020144
22.0,25,99259.501614
30.0,26,99260.792633
33.0,74,99322.539654
32.0,38,99324.775277
22.0,29,99326.173393
30.0,27,99353.409091
24.0,51,99356.14643
43.0,63,99494.10594
47.0,30,99495.451514
32.0,88,99500.329388
24.0,58,99503.56101
40.0,45,99627.075338
36.0,32,99762.326966
14.0,45,99842.49137
56.0,30,99844.527299
26.0,29,99846.482981
52.0,42,99871.424241
5.0,34,99908.533754
45.0,37,100022.413991
50.0,33,100024.166102
38.0,75,100028.646046
37.0,65,100031.528798
75.0,39,100033.258299
45.0,43,100069.592308
37.0,33,100150.928188
23.0,27,100160.452629
35.0,32,100218.891064
38.0,31,100220.717294
36.0,41,100222.648227
28.0,24,100224.074442
13.0,27,100225.732572
31.0,39,100227.882033
28.0,34,100229.486309
11.0,48,100232.190771
35.0,33,100234.016964
47.0,36,100236.011779
26.0,37,100238.315719
22.0,41,100240.559633
37.0,35,100260.709705
44.0,40,100268.7109
45.0,73,100271.989841
27.0,30,100273.798601
36.0,51,100279.90508
28.0,37,100308.916005
23.0,53,100327.451879
14.0,38,100394.492115
28.0,52,100417.661096
36.0,45,100616.524928
38.0,37,100618.276278
10.0,43,100685.686188
33.0,37,100759.321973
18.0,37,100762.14289
27.0,29,100765.083205
12.0,26,100958.318038
24.0,48,100961.270581
37.0,31,100962.813561
31.0,42,100964.929565
23.0,61,100968.011322
33.0,62,100971.406845
45.0,30,100973.296307
41.0,48,100976.193027
34.0,27,100977.909662
46.0,40,101089.095428
48.0,29,101157.986399
7.0,31,101159.532688
45.0,35,101161.279243
27.0,34,101201.478442
35.0,41,101222.51104
-10.0,49,101224.546704
20.0,90,101229.13026
27.0,56,101231.802178
46.0,39,101233.447759
43.0,50,101281.525907
44.0,59,101386.395652
8.0,33,101387.966508
34.0,33,101529.356236
32.0,85,101562.652903
5.0,40,101768.62976
17.0,98,101827.006217
17.0,102,101924.392943
39.0,29,101925.529544
52.0,66,101929.088975
39.0,72,101962.456138
33.0,37,102067.623471
35.0,28,102068.95991
18.0,30,102070.484937
44.0,27,102071.945708
-21.0,24,102073.570966
50.0,45,102075.976337
55.0,31,102077.51939
24.0,31,102079.373678
26.0,26,102081.128912
12.0,79,102109.841736
