#{"t_start": 1678717332.825962, "env_id": "sokoban-turtle-v0"}
r,l,t
-4.0,18,1.333429
-4.0,23,1.355762
-3.0,18,1.373838
11.0,23,1.395952
-16.0,28,1.422169
2.0,31,1.450901
-14.0,30,1.478228
7.0,30,1.505795
2.0,28,1.531735
8.0,19,1.548347
-5.0,23,1.567421
-13.0,19,1.583997
6.0,25,1.604812
14.0,40,1.636588
-2.0,23,1.655942
7.0,42,1.689048
-2.0,25,1.719579
-4.0,27,1.746786
-4.0,24,1.775569
-9.0,26,1.796901
6.0,33,1.823713
2.0,30,1.848213
0.0,27,1.870581
-8.0,36,1.899486
10.0,20,1.91645
-11.0,30,1.941258
0.0,24,1.961432
0.0,37,1.990721
-2.0,23,2.010252
2.0,30,2.034782
-12.0,25,2.055696
-4.0,28,2.078879
2.0,29,2.10269
0.0,23,2.122369
-4.0,24,2.143534
6.0,21,2.161835
0.0,17,2.177023
6.0,24,4.836506
-3.0,24,4.859355
-14.0,29,4.885847
6.0,41,4.922256
0.0,33,4.951971
7.0,30,4.979221
0.0,24,5.001881
6.0,45,5.041146
-1.0,33,5.070769
6.0,31,5.098922
0.0,28,5.124702
-20.0,42,5.161842
2.0,25,10.118054
6.0,29,10.145665
1.0,19,10.164398
0.0,29,10.190804
4.0,15,10.206039
10.0,27,10.230806
1.0,23,10.252715
0.0,27,10.27772
-17.0,37,10.310578
-12.0,49,10.353522
3.0,22,10.374258
2.0,20,10.393332
-3.0,29,10.419895
-4.0,27,10.444913
-5.0,33,10.474365
-2.0,18,10.492002
20.0,30,10.519177
7.0,35,10.55063
-3.0,27,10.575402
6.0,21,10.595351
5.0,29,10.621729
6.0,18,10.639541
2.0,30,10.666608
-11.0,37,18.286881
1.0,28,18.309543
0.0,36,26.03088
-5.0,28,26.055598
-1.0,28,26.078338
1.0,35,26.10491
9.0,35,26.131534
-2.0,22,26.149311
-2.0,35,26.175945
6.0,28,26.198032
5.0,22,26.215524
0.0,37,26.243319
-5.0,23,26.261827
10.0,29,26.284311
-4.0,26,26.305006
0.0,28,26.332366
-3.0,24,26.357574
3.0,24,26.389335
2.0,24,26.415253
10.0,20,26.436791
-9.0,29,26.466947
2.0,22,26.490712
2.0,30,26.520744
2.0,33,26.545892
0.0,25,26.56611
9.0,32,26.59129
3.0,25,26.639877
10.0,17,26.654649
-12.0,27,26.677044
0.0,23,26.713775
-8.0,36,26.741767
6.0,17,26.756576
10.0,34,26.783259
4.0,23,26.803947
-8.0,20,26.822611
-4.0,33,26.851606
-13.0,26,29.305295
2.0,25,34.423698
-2.0,27,34.448638
2.0,24,34.551097
5.0,22,34.572146
-5.0,19,34.590618
-4.0,21,34.610137
-6.0,28,34.635563
6.0,21,34.655111
12.0,36,34.686575
9.0,27,34.710988
2.0,14,34.725387
-2.0,15,34.740153
1.0,24,34.761783
-4.0,27,34.786311
0.0,17,34.802771
2.0,24,34.824776
-4.0,18,34.842014
7.0,34,34.871859
1.0,37,34.904484
7.0,24,34.926645
14.0,23,34.947969
-4.0,19,34.966093
-4.0,24,34.988067
-4.0,28,35.045051
-4.0,38,35.07851
10.0,24,35.100969
10.0,27,35.125773
5.0,20,35.144542
6.0,19,35.229565
4.0,29,35.256015
-11.0,31,35.284092
-8.0,17,35.301016
2.0,23,35.322469
6.0,22,35.342991
6.0,25,35.365857
-6.0,29,35.391562
-5.0,22,35.413697
0.0,21,35.433692
-9.0,29,35.459704
10.0,24,35.481938
-12.0,23,37.852459
-3.0,23,37.873708
-6.0,25,37.896637
-10.0,23,37.917832
6.0,25,45.097097
6.0,20,45.115768
6.0,23,45.135983
7.0,31,45.184707
5.0,19,45.2024
-8.0,23,45.22291
-4.0,30,45.24851
-8.0,39,45.28039
-4.0,28,45.304147
15.0,30,45.329517
-22.0,34,45.357723
4.0,39,45.389542
-16.0,42,45.424933
5.0,37,45.458266
2.0,45,45.495154
-4.0,46,45.533887
0.0,17,45.550467
0.0,18,45.567539
6.0,20,45.585773
-6.0,28,45.61068
7.0,27,45.632675
2.0,28,45.655151
-4.0,21,45.672759
-8.0,37,45.71672
-2.0,33,45.742727
-6.0,21,45.76022
0.0,27,45.781742
0.0,21,45.801989
11.0,24,45.82161
6.0,26,45.842427
2.0,35,45.869624
-4.0,27,45.891203
2.0,21,48.032405
2.0,22,48.050808
10.0,20,48.067148
12.0,24,48.086456
-4.0,22,48.104682
10.0,28,48.126913
1.0,20,48.14323
1.0,29,48.175035
2.0,23,48.193793
2.0,21,48.211232
-1.0,27,48.232998
-12.0,38,48.262325
9.0,29,48.285197
5.0,28,48.307425
-8.0,26,48.328148
6.0,24,48.356449
-6.0,31,48.380521
-14.0,30,48.404246
-1.0,33,48.429744
15.0,28,48.451583
-4.0,22,48.469494
5.0,24,48.489392
1.0,20,48.51539
5.0,26,48.538923
4.0,21,48.556191
9.0,20,48.572593
11.0,24,48.591882
0.0,20,48.608384
1.0,23,48.627161
6.0,20,48.643684
15.0,21,48.660982
-2.0,26,48.681941
0.0,24,48.701558
-6.0,25,48.721652
6.0,43,48.768773
7.0,25,48.788611
-12.0,34,48.814818
-7.0,27,48.836324
-4.0,24,48.855668
0.0,27,53.379251
7.0,22,53.397498
0.0,33,53.423237
8.0,23,53.441908
0.0,22,53.459802
-2.0,36,60.513437
-5.0,28,60.537585
10.0,27,60.560712
10.0,32,60.587377
-4.0,28,60.611179
9.0,29,60.636236
11.0,25,60.658144
11.0,20,60.676279
0.0,35,60.705737
0.0,26,60.728368
6.0,29,60.753254
0.0,22,60.77291
-7.0,25,60.794809
-8.0,21,60.813999
-12.0,16,60.829183
-1.0,26,60.852038
6.0,30,60.877784
-1.0,28,60.901954
0.0,32,60.929025
4.0,22,60.948704
-4.0,20,60.966875
11.0,19,60.984547
10.0,23,61.004795
-9.0,30,61.030536
0.0,26,61.053172
6.0,18,61.069547
4.0,25,61.091435
0.0,26,61.114151
6.0,21,61.133215
1.0,30,61.158819
9.0,23,61.179075
-3.0,19,61.196489
0.0,24,61.231308
-8.0,24,61.252832
-4.0,22,64.753724
-6.0,27,64.777741
-8.0,23,64.798441
0.0,23,64.819338
10.0,19,64.836861
4.0,22,64.866168
-4.0,19,64.884073
6.0,21,64.903311
-4.0,25,64.925784
8.0,22,64.945876
11.0,21,64.964766
8.0,26,64.987854
0.0,30,71.924012
5.0,35,71.954987
10.0,22,71.974871
1.0,38,72.007316
-4.0,25,72.029772
1.0,29,72.055613
-4.0,33,72.084054
5.0,20,72.10289
-4.0,21,72.122172
20.0,21,72.141742
-4.0,23,72.162622
15.0,24,72.183973
-3.0,33,72.212728
-4.0,29,72.238396
-1.0,29,72.264109
-4.0,23,72.284968
1.0,24,72.306616
4.0,24,72.328285
2.0,28,72.352955
5.0,48,72.393017
-8.0,41,72.427933
-8.0,17,72.444191
10.0,28,72.485472
-5.0,23,72.506902
-4.0,28,72.531723
3.0,21,72.550941
2.0,25,72.573337
-7.0,29,80.021705
-4.0,32,80.049696
5.0,39,80.083034
-2.0,25,80.105387
6.0,25,80.166744
-4.0,20,80.185148
-1.0,24,80.206751
-2.0,29,87.212538
-7.0,31,87.239669
2.0,30,87.26514
-1.0,24,87.286677
10.0,23,87.31871
-5.0,26,87.341144
-4.0,28,87.365553
6.0,26,87.388333
0.0,22,87.41499
15.0,23,87.435432
9.0,24,87.456482
-4.0,22,87.4765
-8.0,28,87.500832
1.0,24,87.521935
4.0,21,87.549176
-4.0,21,87.569495
7.0,21,87.588304
0.0,33,87.617215
-5.0,25,87.649494
-5.0,20,87.670526
2.0,32,87.698231
4.0,24,87.719634
1.0,25,87.750731
4.0,23,87.77572
11.0,22,87.795691
1.0,21,87.81506
11.0,31,87.84269
-14.0,26,87.873727
11.0,24,87.895303
6.0,21,87.914745
-5.0,34,87.943904
-9.0,16,87.959363
-4.0,35,90.180534
-4.0,28,90.205676
5.0,26,90.229122
-4.0,20,90.247934
6.0,24,90.269683
2.0,25,90.292236
6.0,18,90.309474
-4.0,27,90.333407
7.0,16,90.348673
-5.0,39,90.38206
-4.0,30,90.408297
0.0,22,90.428541
2.0,22,90.44845
7.0,16,90.463753
0.0,16,90.478996
-4.0,25,90.501342
-4.0,22,90.521406
2.0,24,90.54337
-5.0,26,90.566679
2.0,24,90.6469
-5.0,20,90.66559
3.0,21,90.684873
9.0,23,90.843879
-2.0,25,90.869938
9.0,30,90.896124
-4.0,25,90.918365
1.0,28,90.943173
-4.0,19,90.961192
-4.0,26,90.989832
-22.0,29,91.015525
-8.0,30,91.041975
-4.0,17,91.058466
0.0,34,91.087529
0.0,20,91.10732
-2.0,27,91.131243
3.0,27,91.155273
-4.0,15,91.169977
-2.0,31,91.196973
-6.0,25,91.223331
0.0,26,91.246743
2.0,27,91.270501
-14.0,34,94.584234
-2.0,30,94.610801
7.0,25,94.63841
11.0,28,94.664125
11.0,32,94.692349
21.0,20,94.711354
10.0,35,94.741765
-6.0,22,94.762215
-8.0,32,101.859321
6.0,17,101.875491
10.0,20,101.893992
1.0,19,101.911906
6.0,26,101.934673
8.0,18,101.951723
5.0,23,101.972303
-2.0,31,101.998902
-2.0,28,102.023492
6.0,19,102.040942
0.0,22,102.063725
15.0,19,102.081112
11.0,25,102.102976
0.0,30,102.129219
0.0,14,102.143003
-2.0,28,102.167918
-3.0,24,102.189494
11.0,24,102.211407
-1.0,30,102.237482
0.0,26,102.260769
-4.0,23,102.28172
6.0,22,102.301726
4.0,22,102.321483
1.0,23,102.342527
0.0,25,102.365093
6.0,23,102.385746
-3.0,19,102.403472
5.0,14,102.417607
2.0,34,102.447132
-8.0,29,102.472775
6.0,31,102.499986
0.0,19,102.517677
11.0,21,104.766781
0.0,20,104.785537
11.0,17,104.802264
-8.0,35,104.832823
-3.0,19,104.850658
6.0,24,104.872549
6.0,28,104.897528
6.0,25,104.920426
-8.0,24,104.942291
-8.0,24,104.964149
-8.0,16,104.979852
5.0,30,105.00668
0.0,25,105.029293
6.0,24,105.05093
-4.0,22,105.071297
5.0,15,105.085985
-8.0,23,105.153933
-8.0,22,105.174619
6.0,18,105.19174
-4.0,21,105.211267
16.0,23,105.232516
5.0,24,105.254597
-9.0,21,105.274155
9.0,20,105.292963
6.0,24,105.314738
-7.0,36,105.345698
0.0,28,105.37075
6.0,29,105.396208
6.0,28,105.421328
8.0,25,105.443971
2.0,37,105.476107
2.0,29,105.501806
16.0,18,105.518842
2.0,18,105.535986
6.0,33,105.564847
11.0,26,105.58831
6.0,36,105.619837
5.0,27,105.644017
11.0,16,105.659763
-8.0,27,105.684027
6.0,35,105.714444
6.0,19,108.194125
-5.0,17,108.2108
11.0,26,108.238541
2.0,21,108.258254
-4.0,24,108.28021
6.0,21,108.299784
-12.0,32,108.327961
4.0,19,108.346325
0.0,20,108.364959
0.0,27,108.38939
-8.0,23,108.410332
11.0,23,108.431231
-4.0,31,115.460825
6.0,15,115.475689
28.0,23,115.586946
-6.0,19,115.60501
-12.0,30,115.630893
-4.0,23,115.663098
6.0,22,115.681563
0.0,28,115.704093
-6.0,43,115.737782
-12.0,21,115.762124
-8.0,20,115.779116
-1.0,22,115.797294
-1.0,31,115.821768
6.0,23,115.840918
-5.0,24,115.86092
-10.0,31,115.885659
-2.0,26,115.906898
0.0,16,115.920893
-24.0,37,115.957675
-4.0,27,115.97962
7.0,28,116.002391
0.0,23,116.021594
11.0,17,116.036725
0.0,26,116.057948
21.0,31,116.082626
-4.0,26,116.111576
-5.0,24,116.131649
11.0,35,116.159326
-1.0,34,121.313098
0.0,24,121.33487
-13.0,28,121.359524
-2.0,20,121.377895
4.0,25,121.39994
1.0,33,121.428747
-5.0,31,121.455825
7.0,22,121.475915
1.0,20,121.494321
1.0,23,121.515076
-2.0,18,121.531943
4.0,15,121.546839
2.0,37,121.57849
-8.0,29,121.604116
9.0,22,121.624048
0.0,23,121.645603
-10.0,41,121.680574
3.0,26,121.703648
9.0,23,121.724599
-3.0,26,121.747647
2.0,23,121.768748
11.0,18,121.785798
20.0,25,121.808101
-8.0,35,121.838012
-4.0,36,121.86892
6.0,23,121.889552
2.0,24,121.91122
-3.0,20,121.929635
-11.0,27,121.959049
0.0,31,121.986398
-4.0,36,122.017459
10.0,47,122.057058
6.0,20,122.075602
0.0,40,122.109777
8.0,20,122.128693
10.0,35,122.159069
0.0,23,122.179904
0.0,16,124.178816
-8.0,24,124.205546
6.0,19,124.223637
-22.0,28,124.249067
11.0,33,124.278039
-6.0,20,124.296873
0.0,29,124.322708
0.0,24,124.349766
6.0,22,124.369984
-2.0,33,124.428373
-9.0,34,124.464087
6.0,22,139.834515
1.0,30,139.864944
-9.0,22,147.043628
2.0,21,147.062885
6.0,18,147.079498
10.0,24,147.100578
4.0,31,147.126821
-2.0,26,147.149215
-2.0,21,147.168139
5.0,19,147.185318
6.0,25,147.206805
1.0,37,147.237592
21.0,21,147.256155
7.0,24,147.277323
6.0,31,147.30373
10.0,25,147.325557
-4.0,26,147.348042
-2.0,20,147.3664
4.0,27,147.390125
15.0,20,147.4082
4.0,27,147.431618
16.0,22,147.451231
4.0,37,147.481975
7.0,18,147.498497
7.0,18,147.515152
-3.0,27,147.538522
1.0,28,147.563346
1.0,29,147.588497
-2.0,28,147.613119
0.0,20,149.935267
10.0,21,149.954409
-6.0,40,149.988832
2.0,29,150.018715
10.0,23,150.039366
7.0,34,150.068496
0.0,31,150.095501
10.0,24,150.117287
-5.0,23,150.13809
21.0,18,150.155044
2.0,21,150.174448
11.0,27,150.198218
0.0,14,150.212209
2.0,27,150.23604
4.0,25,150.258337
-12.0,25,150.281065
11.0,41,150.315877
20.0,28,150.340199
-2.0,29,150.365732
0.0,26,150.388845
6.0,22,150.408822
-4.0,25,150.435061
4.0,21,150.454219
-9.0,22,150.47427
2.0,20,150.492451
2.0,23,150.513422
-2.0,23,150.534509
0.0,28,150.564441
-4.0,22,150.584657
-7.0,23,150.605772
7.0,27,150.630541
12.0,21,150.650013
4.0,27,150.673939
6.0,19,150.691742
4.0,27,150.71585
5.0,36,150.746652
-4.0,17,150.762974
-4.0,18,150.780013
4.0,18,150.797406
5.0,34,150.826653
0.0,36,154.907444
10.0,21,154.92722
-3.0,32,154.954854
4.0,18,154.971666
1.0,34,155.001185
7.0,25,155.023279
6.0,21,155.042735
-8.0,25,155.091795
2.0,21,155.111374
2.0,22,155.131459
3.0,29,155.157163
2.0,20,155.175485
-17.0,21,155.19487
2.0,30,155.221089
-4.0,23,155.242273
0.0,17,162.331155
6.0,29,162.356204
-4.0,21,162.374778
5.0,29,162.39919
-1.0,37,162.429486
-7.0,19,162.446629
-4.0,28,162.512642
2.0,33,162.541224
6.0,17,162.5554
1.0,22,162.573111
4.0,24,162.591776
-4.0,27,162.612665
11.0,25,162.632009
0.0,23,162.64984
-5.0,44,162.681946
-9.0,32,162.705944
1.0,18,162.720736
7.0,26,162.740807
11.0,28,162.76211
6.0,19,162.777552
6.0,29,162.799425
7.0,23,162.817564
3.0,24,162.836601
2.0,41,179.034985
-8.0,32,179.059443
-16.0,46,179.093413
7.0,25,179.113095
-10.0,30,179.149807
8.0,28,179.171699
6.0,18,179.186557
-8.0,30,179.209761
6.0,22,179.227395
-10.0,33,179.252658
6.0,38,179.281404
1.0,32,179.305825
5.0,15,179.318792
2.0,24,179.337795
-4.0,45,179.371088
0.0,27,179.39222
4.0,22,179.409858
1.0,22,179.42762
-4.0,37,188.7939
-5.0,26,188.818176
10.0,22,188.836635
0.0,31,188.860911
-6.0,26,188.881628
4.0,36,188.908977
3.0,23,188.927676
5.0,13,188.939281
0.0,25,188.959
-12.0,32,188.983715
0.0,25,189.003695
6.0,38,189.096061
-5.0,23,189.114986
25.0,25,189.134388
-1.0,21,189.15182
1.0,22,189.16957
-5.0,30,189.19311
-6.0,21,189.210553
15.0,29,191.399831
-1.0,24,191.419388
10.0,33,191.447089
-6.0,31,191.471136
15.0,20,191.487617
6.0,19,191.503139
5.0,35,191.529933
-4.0,21,191.546951
1.0,32,191.578816
0.0,17,191.593435
2.0,19,191.609427
6.0,22,191.627026
9.0,23,191.645365
0.0,21,191.662409
7.0,24,191.683199
-5.0,18,191.698187
-2.0,23,191.716614
6.0,17,191.731029
12.0,27,191.752467
3.0,30,198.76814
-6.0,22,198.81356
1.0,28,198.847878
-4.0,39,198.879778
-5.0,31,198.906699
-4.0,24,198.928173
0.0,16,198.943522
-8.0,32,198.970784
0.0,30,198.996418
17.0,24,199.017286
6.0,22,199.036929
6.0,21,199.055898
-6.0,23,199.076309
4.0,27,199.099471
4.0,36,199.133921
10.0,21,199.152998
15.0,21,199.172221
11.0,19,199.189434
0.0,31,199.215897
-4.0,23,199.236499
5.0,35,199.26594
1.0,21,202.007084
-4.0,28,202.032243
6.0,18,202.049587
-3.0,19,202.070731
-4.0,21,202.090391
8.0,20,202.108846
-1.0,31,202.135636
3.0,28,202.160341
7.0,35,202.19441
16.0,24,202.215993
6.0,35,202.24611
1.0,26,202.272878
-1.0,29,202.298731
7.0,29,202.324532
-16.0,22,202.34461
-4.0,30,202.374104
11.0,33,202.402706
-8.0,43,202.439204
0.0,54,202.488111
-2.0,36,202.519167
-4.0,30,202.545504
0.0,27,202.569342
10.0,21,202.591845
-4.0,32,202.638034
-3.0,50,202.682175
4.0,25,202.70492
5.0,29,202.730474
1.0,18,202.747853
-1.0,33,202.776335
-18.0,32,202.808293
6.0,20,202.827088
6.0,16,202.842902
1.0,28,202.867783
1.0,23,202.888628
-4.0,26,202.915714
-3.0,29,205.364398
11.0,27,205.388922
-4.0,30,205.415567
6.0,48,205.493098
0.0,25,205.516098
15.0,22,205.536205
10.0,33,205.565167
9.0,30,205.591639
1.0,39,205.625428
7.0,26,205.649113
-4.0,19,205.667987
2.0,19,205.686032
0.0,28,205.711093
0.0,25,205.733809
2.0,48,205.774328
2.0,23,205.795579
16.0,25,205.818237
-8.0,30,212.800208
9.0,24,212.821892
-8.0,27,212.84567
5.0,17,212.861874
-5.0,21,212.880875
-5.0,26,212.907073
0.0,25,212.929235
5.0,22,212.949084
1.0,34,212.977748
7.0,32,213.007898
-7.0,49,213.048022
11.0,24,213.080539
-5.0,24,213.101959
3.0,19,213.154245
-5.0,37,213.185611
2.0,27,213.209097
6.0,21,213.228788
0.0,30,213.254982
7.0,22,213.277331
6.0,30,215.767786
-4.0,34,215.797381
-3.0,40,215.83441
4.0,36,215.865717
-3.0,27,215.889727
6.0,22,215.910112
0.0,37,215.94434
2.0,35,215.974538
5.0,38,216.007098
-1.0,18,216.024141
0.0,17,216.04123
0.0,40,216.075235
10.0,26,216.098442
12.0,28,216.123088
6.0,18,216.140182
3.0,31,216.171869
-3.0,32,216.199957
2.0,24,216.221789
11.0,18,216.238811
1.0,27,216.266139
-4.0,20,216.284883
-6.0,29,216.310601
12.0,24,216.332316
5.0,19,216.350077
-3.0,35,216.383907
11.0,24,216.405877
-4.0,23,216.426998
-10.0,33,216.456045
2.0,19,216.475952
14.0,23,216.496962
1.0,29,216.522574
-6.0,32,216.550859
-8.0,28,216.575616
11.0,22,216.628887
-5.0,23,216.650336
-6.0,28,216.676322
-2.0,32,219.140413
5.0,24,219.162779
6.0,21,219.182495
1.0,28,219.211605
5.0,29,219.237687
-8.0,23,219.258883
11.0,20,219.277947
2.0,28,219.306337
-10.0,29,219.33232
-2.0,21,219.352068
-1.0,30,219.378885
11.0,19,219.396887
0.0,27,219.422146
6.0,26,219.445698
5.0,27,219.47009
-11.0,35,219.501296
1.0,33,219.532988
-2.0,23,219.554172
4.0,27,219.57856
9.0,33,219.607735
1.0,25,227.882136
-4.0,32,227.910111
2.0,26,227.933314
-4.0,31,227.959963
1.0,28,227.98415
9.0,20,228.002073
2.0,24,228.023063
-2.0,26,228.046319
2.0,29,228.071553
1.0,30,228.098161
11.0,29,228.123559
-3.0,27,228.147036
2.0,32,228.174406
5.0,26,228.197633
7.0,22,228.217354
-2.0,36,228.250991
2.0,30,228.276615
2.0,26,230.512401
6.0,27,230.536975
4.0,35,230.567441
5.0,25,230.589887
6.0,33,230.619069
-2.0,25,230.641649
-4.0,30,230.668295
0.0,20,230.687069
2.0,20,230.705764
2.0,29,230.735265
-5.0,19,230.752805
0.0,21,230.772069
-5.0,29,230.79762
1.0,20,230.816133
0.0,28,230.841135
15.0,39,230.874732
-8.0,48,230.915398
-5.0,26,230.938884
11.0,25,230.961401
6.0,21,230.981093
0.0,20,230.999696
-11.0,26,231.022873
-4.0,26,231.045984
2.0,30,231.072357
0.0,25,231.095052
0.0,19,231.113033
-4.0,15,231.127861
2.0,31,231.166172
-10.0,34,231.195872
-4.0,26,231.218953
10.0,20,231.237535
16.0,21,231.256917
-4.0,28,231.28174
12.0,38,231.31424
6.0,16,231.329741
-4.0,22,231.35017
6.0,14,231.364271
11.0,28,231.389214
6.0,24,231.411291
6.0,15,234.034714
1.0,19,234.05296
5.0,21,234.072226
10.0,24,234.093896
9.0,22,234.114075
7.0,30,234.152229
-5.0,38,234.185245
-11.0,36,234.216522
6.0,13,234.229669
0.0,16,234.245381
-6.0,28,234.270414
11.0,21,234.289852
-8.0,21,234.309138
0.0,23,234.329957
6.0,30,234.356407
6.0,19,234.374309
-4.0,23,234.39511
0.0,32,234.423179
-1.0,26,234.454551
-3.0,24,234.476593
6.0,36,234.507906
1.0,28,234.532702
6.0,23,234.553411
-4.0,25,241.495346
5.0,23,241.516376
10.0,21,241.534995
-5.0,24,241.555964
0.0,37,241.643775
11.0,21,241.663029
-4.0,27,241.686571
11.0,26,241.709883
4.0,17,241.726079
0.0,32,241.75387
-4.0,31,241.781403
-4.0,20,241.80055
6.0,23,241.825473
1.0,22,241.845475
54.0,35,248.226528
4.0,29,248.254544
4.0,28,248.279538
-12.0,30,250.601932
2.0,18,250.619035
6.0,24,250.640671
3.0,30,250.667232
-4.0,33,250.696227
7.0,28,250.721103
6.0,18,250.738318
0.0,21,250.757997
4.0,26,250.781097
0.0,43,250.817875
6.0,22,250.83801
10.0,29,250.86372
-14.0,48,250.931819
-18.0,42,250.967859
0.0,29,250.993166
10.0,38,251.02586
-23.0,25,251.048219
4.0,18,251.066463
5.0,28,251.091372
4.0,30,251.117871
5.0,32,251.145783
11.0,20,251.164037
6.0,24,251.18581
2.0,29,251.211617
1.0,28,251.240766
6.0,20,251.259521
3.0,29,251.285347
5.0,32,251.313282
4.0,22,251.333467
-4.0,24,251.35521
29.0,34,251.386246
10.0,28,251.411238
6.0,19,251.429212
0.0,33,251.457443
6.0,29,251.483013
-6.0,29,253.867016
1.0,19,253.883495
4.0,32,253.909662
1.0,22,253.928613
-4.0,24,253.948955
-8.0,19,253.965657
11.0,25,253.986545
21.0,22,254.009705
-4.0,16,254.024385
-14.0,28,254.047462
2.0,18,254.063343
3.0,22,254.081957
7.0,29,254.111032
9.0,33,254.138042
9.0,21,254.156049
6.0,22,254.174677
-4.0,20,254.192142
6.0,22,254.211305
-10.0,49,254.249779
0.0,51,254.289567
6.0,21,254.308002
0.0,27,254.330384
1.0,23,254.35001
0.0,20,254.367462
-4.0,29,293.408133
-4.0,15,293.423289
-5.0,23,293.443329
12.0,19,293.460439
15.0,35,293.512525
1.0,24,293.534015
11.0,23,293.554216
0.0,20,293.572453
5.0,21,293.591146
6.0,19,293.608285
-3.0,21,293.627728
1.0,19,293.645251
5.0,20,293.663407
4.0,27,293.689996
-2.0,29,293.737125
6.0,20,293.755257
10.0,19,293.773287
6.0,25,296.023793
6.0,20,296.042666
11.0,19,296.060828
6.0,20,296.079521
5.0,27,296.103832
5.0,39,296.137298
4.0,26,296.160773
15.0,24,296.182864
-2.0,23,296.204077
-5.0,30,296.230581
10.0,25,296.253206
0.0,20,296.271817
7.0,27,296.295816
6.0,30,296.322156
11.0,22,296.342305
0.0,25,296.364915
14.0,28,296.389868
5.0,21,296.409258
2.0,38,296.441853
-4.0,23,296.46585
2.0,34,296.97238
2.0,35,297.003563
5.0,23,297.025087
-4.0,28,297.050594
0.0,25,297.073552
7.0,22,297.094015
10.0,27,297.118121
0.0,17,297.134618
2.0,32,297.162931
-4.0,21,297.182592
6.0,33,297.211818
5.0,24,297.2338
6.0,18,297.251285
4.0,21,297.791703
4.0,24,297.813973
0.0,32,297.842425
-4.0,25,297.865615
10.0,23,297.8882
0.0,22,297.911551
0.0,30,314.912918
1.0,23,314.934437
6.0,25,314.956736
6.0,24,314.978728
0.0,20,314.997583
-5.0,34,315.027358
5.0,28,315.052532
11.0,26,315.075938
-4.0,20,315.094642
6.0,26,315.117988
5.0,19,315.135596
6.0,24,315.157469
6.0,32,315.185629
-4.0,26,315.208889
0.0,23,315.229806
6.0,29,315.299428
1.0,31,315.327001
6.0,20,315.345666
17.0,22,315.365993
5.0,19,315.383976
4.0,17,315.400337
10.0,35,315.430723
-4.0,21,315.450421
0.0,22,315.470835
5.0,31,315.498199
-3.0,17,315.514802
0.0,22,315.534965
-9.0,31,322.493171
1.0,25,322.515657
2.0,30,322.541434
6.0,32,322.568641
14.0,23,322.589253
6.0,35,322.619104
6.0,21,322.637988
-5.0,24,322.659276
7.0,28,322.683569
10.0,36,322.71407
9.0,25,322.738527
11.0,21,322.758983
4.0,35,325.447218
-3.0,19,325.465239
-9.0,23,325.486042
10.0,27,325.510233
-13.0,24,325.531961
12.0,40,325.569553
11.0,22,325.589694
0.0,33,325.618351
1.0,23,325.63921
6.0,30,325.665563
-12.0,23,325.686507
6.0,28,325.711566
0.0,32,325.739542
6.0,21,325.758731
-8.0,19,325.776586
15.0,28,325.801445
2.0,35,325.83185
7.0,25,325.854486
2.0,25,325.87699
2.0,25,325.899432
10.0,32,325.927099
-4.0,29,325.956696
-4.0,16,325.972479
6.0,32,326.000465
0.0,22,326.020605
6.0,26,326.043941
11.0,21,326.063332
6.0,18,326.080445
15.0,22,326.100486
11.0,20,326.118729
-10.0,34,326.148332
11.0,25,326.17068
2.0,35,326.200594
15.0,24,326.222417
0.0,22,326.242566
1.0,20,326.261297
1.0,29,326.286637
11.0,29,326.315213
-6.0,21,326.334648
0.0,22,331.70266
0.0,28,331.728042
10.0,20,331.747006
1.0,28,331.774714
0.0,15,331.789669
4.0,25,331.812283
0.0,18,331.829433
-2.0,23,331.850294
6.0,40,331.888063
11.0,26,331.911526
11.0,26,331.934726
-4.0,23,331.955552
6.0,21,331.97798
1.0,17,331.994501
-6.0,32,332.022693
10.0,31,332.049959
-4.0,24,332.074311
2.0,23,332.095428
4.0,20,332.113955
-4.0,32,332.142135
0.0,28,332.169749
5.0,26,332.193033
11.0,19,332.211171
10.0,33,332.274394
2.0,23,332.295773
11.0,29,332.321368
0.0,24,332.343423
0.0,24,332.365314
6.0,17,332.381548
6.0,28,339.366173
1.0,34,339.39509
10.0,17,339.410697
6.0,28,339.434344
0.0,19,339.451523
-4.0,25,339.472801
-8.0,36,339.502564
9.0,20,339.520201
1.0,24,339.543843
16.0,18,339.560254
-2.0,23,339.580344
0.0,20,339.598155
1.0,19,341.888499
-4.0,24,341.910559
-4.0,36,341.941729
4.0,23,341.962782
-4.0,27,341.986662
0.0,22,342.006691
11.0,35,342.03677
0.0,17,342.053165
0.0,24,342.074808
-6.0,29,342.102711
2.0,39,342.135991
14.0,21,342.155267
6.0,28,342.179905
1.0,32,342.207417
-2.0,30,342.233823
-8.0,30,342.260141
5.0,29,342.285557
-4.0,40,342.322264
-14.0,36,342.352965
6.0,19,342.37076
4.0,19,342.388854
10.0,21,342.408177
2.0,35,342.43813
5.0,28,342.462833
1.0,23,342.483768
1.0,34,342.515587
6.0,25,342.538182
6.0,26,342.561503
6.0,24,342.602244
11.0,34,342.632066
14.0,14,342.64605
6.0,26,342.669372
0.0,28,342.694047
6.0,20,342.712807
11.0,28,342.74136
-2.0,28,342.766491
0.0,19,342.784203
6.0,23,345.281694
0.0,20,345.300576
-9.0,17,345.317014
6.0,19,345.337098
0.0,16,345.375561
6.0,28,345.400223
2.0,47,345.440199
25.0,22,345.460355
-1.0,23,345.481128
-4.0,38,345.513743
15.0,28,345.541842
-3.0,31,345.569043
0.0,22,345.589262
0.0,29,345.61489
-4.0,19,345.632966
7.0,25,345.655394
0.0,29,345.680892
-1.0,34,345.710396
0.0,38,345.745808
-1.0,28,345.770594
-4.0,21,345.789969
1.0,34,345.819512
11.0,28,345.869675
4.0,34,345.899199
6.0,40,345.933446
-5.0,30,345.963373
0.0,18,345.980332
3.0,27,346.004351
0.0,25,353.014925
-4.0,17,353.031097
5.0,24,353.052071
6.0,25,353.074176
16.0,36,353.104241
11.0,22,353.123782
6.0,33,353.151315
2.0,33,353.182076
-10.0,21,353.200713
2.0,16,360.701922
-2.0,18,360.719703
6.0,43,360.756711
6.0,21,360.77652
15.0,33,360.805787
-3.0,19,360.827741
14.0,29,360.853449
7.0,31,360.880781
-3.0,23,360.902077
-3.0,20,360.92095
6.0,20,360.939496
1.0,22,360.959721
7.0,27,360.984178
11.0,18,361.026946
6.0,23,361.048373
-3.0,26,361.071654
5.0,23,361.092455
5.0,31,361.119452
10.0,22,361.151855
1.0,20,361.170908
5.0,39,361.204106
0.0,33,361.233045
6.0,39,361.266525
4.0,20,361.285081
-5.0,15,361.299814
-4.0,17,361.349771
0.0,30,361.37659
1.0,20,361.3954
0.0,25,361.418129
0.0,18,361.435205
0.0,16,361.451161
-4.0,22,361.471356
1.0,26,361.49458
-4.0,38,361.527262
0.0,24,361.549161
-4.0,24,361.570938
7.0,18,361.588152
10.0,19,361.605812
0.0,28,361.630861
7.0,27,361.655077
10.0,23,361.676134
-5.0,19,364.186678
0.0,31,364.214278
-3.0,34,364.244351
2.0,21,364.265934
6.0,42,364.302445
5.0,25,364.325339
6.0,26,364.348882
6.0,24,364.370793
2.0,22,364.391121
5.0,36,364.422565
0.0,16,364.438278
0.0,28,364.463237
0.0,31,364.490698
0.0,26,364.514418
6.0,19,364.532572
5.0,26,364.555955
0.0,21,364.575568
-4.0,22,364.595876
20.0,26,364.62914
0.0,20,364.64829
-8.0,31,364.675904
7.0,29,364.701831
0.0,36,364.73312
2.0,30,364.759657
0.0,20,364.778684
2.0,29,364.80442
6.0,20,364.823506
10.0,21,364.843177
2.0,21,364.862743
12.0,34,364.892461
1.0,41,372.095984
4.0,20,372.115373
10.0,26,372.137884
0.0,25,372.160023
6.0,21,372.179003
-1.0,35,372.208553
-6.0,28,372.237417
6.0,31,374.578877
-8.0,24,374.600639
12.0,25,374.62325
2.0,22,374.643724
1.0,27,374.667944
6.0,31,374.695365
5.0,28,374.720428
6.0,31,374.747789
0.0,23,374.768788
25.0,33,374.7973
12.0,26,374.820713
11.0,27,374.844688
4.0,36,374.875996
19.0,44,374.913153
-20.0,29,374.938985
6.0,15,374.953568
0.0,21,374.972738
4.0,42,375.008581
10.0,30,375.035001
0.0,20,375.054007
12.0,20,375.072654
0.0,26,375.095698
1.0,17,375.115261
6.0,29,375.141228
9.0,33,375.170305
15.0,23,375.191395
6.0,28,375.216074
-2.0,22,375.236342
0.0,22,375.256274
7.0,27,375.280524
12.0,29,375.306233
12.0,31,375.333618
16.0,28,375.358555
7.0,20,375.377037
6.0,26,375.400338
6.0,33,375.429219
10.0,24,375.451305
16.0,22,377.919555
5.0,27,377.944139
6.0,15,377.959048
5.0,25,377.981452
-4.0,14,377.995556
4.0,22,378.015769
6.0,29,378.041798
16.0,27,378.065962
11.0,24,378.087802
1.0,26,378.111316
11.0,21,378.130959
0.0,24,378.152681
0.0,34,378.182531
-4.0,19,378.200679
6.0,36,378.23329
0.0,23,378.25448
11.0,42,378.290568
-4.0,23,378.311769
5.0,29,378.337725
2.0,23,378.358728
1.0,19,378.376601
0.0,32,378.404755
-5.0,39,378.438267
2.0,31,378.520358
12.0,32,378.548512
9.0,23,378.569561
14.0,39,378.603101
6.0,21,378.622753
0.0,21,378.642357
14.0,26,378.66783
-3.0,23,378.689148
6.0,23,378.710396
6.0,20,378.729243
5.0,22,378.749576
9.0,34,385.87054
10.0,29,385.895871
6.0,24,385.917061
2.0,27,385.94068
-9.0,19,385.958164
6.0,30,388.50762
0.0,22,388.527792
0.0,37,388.559081
3.0,38,388.591233
15.0,29,388.616699
0.0,23,388.637438
6.0,22,388.657631
5.0,24,388.679143
-4.0,23,388.700185
1.0,23,388.720651
-2.0,34,388.749722
0.0,29,388.774857
-5.0,23,388.795333
0.0,21,388.814614
6.0,46,388.951538
12.0,31,388.978536
25.0,24,388.99988
7.0,38,389.0323
19.0,38,389.064179
-5.0,28,389.088506
-8.0,25,389.110892
11.0,25,389.133151
-4.0,22,389.153302
9.0,36,389.243318
-4.0,48,389.283347
0.0,28,389.308279
11.0,24,389.329958
10.0,19,389.347422
11.0,25,389.369587
-7.0,30,389.395609
4.0,20,389.414187
-4.0,23,389.435047
4.0,47,389.474179
11.0,23,389.494715
4.0,25,389.517106
4.0,39,392.799062
-4.0,22,392.819763
6.0,23,392.84081
0.0,18,392.858051
-10.0,28,392.882968
7.0,25,392.905751
2.0,25,392.92813
7.0,22,392.948034
11.0,27,392.971826
-5.0,26,392.995134
1.0,16,393.010604
11.0,28,393.035549
-4.0,27,393.059825
-5.0,34,393.089448
4.0,30,393.115779
12.0,26,393.138756
-8.0,40,393.172782
6.0,28,393.197695
11.0,51,393.240036
5.0,25,393.262754
1.0,39,393.296232
-8.0,27,393.320168
2.0,31,393.347273
-3.0,23,393.368103
-12.0,27,393.39322
1.0,29,393.418801
5.0,23,393.439641
-5.0,29,393.465309
5.0,30,393.491638
7.0,32,393.519593
-4.0,14,393.533483
7.0,35,393.563749
-8.0,17,393.579921
-12.0,49,400.727771
2.0,36,400.758109
5.0,31,403.468871
-2.0,27,403.492842
7.0,27,403.516912
6.0,32,403.547085
-9.0,36,403.577742
0.0,36,403.608183
0.0,38,403.640556
2.0,25,403.66294
2.0,33,403.691632
10.0,32,403.719477
10.0,34,403.751262
10.0,33,403.779787
2.0,34,403.808648
12.0,27,403.832238
-4.0,15,403.846791
6.0,30,403.872773
-3.0,35,403.902599
5.0,20,403.920984
2.0,34,403.949824
8.0,27,403.975628
-4.0,34,404.00457
1.0,29,404.02971
0.0,25,404.051804
-4.0,38,404.084158
0.0,21,404.103393
11.0,40,404.137239
6.0,34,404.168783
11.0,33,404.197463
11.0,17,404.213558
6.0,27,404.237525
2.0,54,404.297948
0.0,25,404.320252
5.0,30,408.271244
0.0,26,408.294862
-4.0,38,408.573035
-4.0,34,408.604751
-3.0,31,408.632026
4.0,18,408.648973
0.0,35,408.679068
9.0,66,408.733341
11.0,45,408.771362
20.0,30,408.799428
6.0,23,408.820337
10.0,22,408.840586
-12.0,39,408.873948
0.0,21,408.893422
11.0,34,408.922467
3.0,28,408.947232
0.0,27,409.443552
6.0,23,409.464857
11.0,30,409.503424
-2.0,28,409.528443
-4.0,45,409.566572
-1.0,30,409.592824
-1.0,34,409.624374
15.0,27,409.648273
16.0,25,409.670917
-1.0,46,409.710416
-4.0,29,409.736076
10.0,21,409.755609
10.0,29,409.781194
-8.0,43,409.819841
-9.0,39,416.835014
5.0,32,419.641832
11.0,27,419.665917
-13.0,39,419.699471
-8.0,30,419.728022
3.0,30,419.754276
-6.0,30,419.780666
4.0,29,419.806282
10.0,36,419.839783
2.0,32,419.883417
0.0,39,419.917041
-20.0,33,419.949078
27.0,32,419.977009
2.0,46,420.015885
6.0,42,420.05135
11.0,31,420.078669
10.0,33,420.107319
-12.0,28,420.132065
1.0,20,420.150791
1.0,33,420.179616
6.0,30,420.206077
2.0,19,420.223938
6.0,24,420.245634
-4.0,36,420.276509
2.0,40,420.310646
14.0,24,420.332348
0.0,23,420.353485
8.0,47,420.393161
11.0,38,420.425915
6.0,25,420.448238
4.0,32,420.476238
11.0,23,420.496895
0.0,19,420.514798
5.0,36,424.418568
-4.0,36,424.449737
0.0,25,424.472309
-4.0,24,424.49406
-2.0,31,424.540489
10.0,28,424.565369
7.0,28,424.590229
7.0,36,424.621547
3.0,28,424.646253
15.0,27,424.670146
6.0,18,424.68732
6.0,23,424.708401
12.0,44,424.745617
-4.0,47,424.799827
4.0,39,424.833109
6.0,19,424.850912
4.0,31,424.877974
5.0,29,424.90364
-4.0,23,424.9247
11.0,40,424.95929
9.0,26,424.99483
0.0,27,425.018969
-3.0,21,425.041408
6.0,28,425.066212
4.0,34,425.095527
4.0,32,425.123598
0.0,41,425.158437
2.0,21,425.177944
2.0,29,425.203413
2.0,33,425.232187
0.0,40,425.266483
2.0,29,425.292216
-1.0,40,425.326311
6.0,25,434.954124
10.0,27,434.977279
0.0,46,435.014336
6.0,27,435.037461
10.0,35,435.066684
16.0,39,435.098421
-6.0,27,435.121463
8.0,35,435.15042
2.0,29,435.174845
6.0,26,435.197123
0.0,19,435.214247
6.0,46,435.251496
1.0,24,435.272468
2.0,36,435.302191
0.0,20,435.320064
11.0,23,435.340107
11.0,23,435.360107
5.0,34,435.387996
6.0,31,435.414042
6.0,22,435.433349
0.0,39,435.468219
0.0,18,435.484457
6.0,29,435.509137
10.0,43,435.544007
6.0,31,435.569875
12.0,31,435.597277
14.0,32,435.623833
-1.0,38,435.655373
5.0,31,435.681892
0.0,40,435.715256
6.0,25,435.737212
3.0,29,435.762006
10.0,35,438.550965
6.0,52,438.591281
5.0,36,438.621121
-2.0,38,438.651521
-9.0,32,438.677295
15.0,51,438.71662
1.0,28,438.739492
5.0,25,438.760177
8.0,22,438.778847
-8.0,38,438.80917
6.0,29,438.832772
4.0,42,438.865629
-4.0,37,438.894823
-4.0,23,438.914375
15.0,30,438.938815
5.0,31,438.965967
16.0,28,438.989002
0.0,51,439.028376
1.0,19,439.045034
10.0,35,439.072922
1.0,19,439.093595
11.0,33,439.120135
1.0,29,439.143914
0.0,37,439.173363
0.0,29,439.200284
5.0,32,439.226182
11.0,23,439.245645
7.0,20,439.26314
7.0,30,439.329958
9.0,19,439.346942
12.0,25,439.367727
0.0,29,439.391713
6.0,22,439.420466
6.0,31,443.502503
10.0,24,443.524316
-5.0,27,450.591181
6.0,21,450.609982
-3.0,19,450.627293
1.0,42,450.661342
1.0,24,450.68229
1.0,22,450.701386
11.0,28,450.725178
10.0,23,450.745329
6.0,16,450.760506
6.0,43,450.795341
6.0,41,450.828887
-2.0,23,450.848916
6.0,28,450.873454
5.0,38,450.905176
6.0,23,450.925546
0.0,37,451.01592
10.0,35,451.045811
6.0,18,451.062535
5.0,39,451.095038
8.0,37,451.125913
6.0,28,451.164435
6.0,26,451.187549
12.0,45,451.224831
0.0,27,451.248403
9.0,20,451.266887
15.0,36,451.297284
6.0,36,451.327533
1.0,32,451.354962
-10.0,34,451.383674
0.0,38,451.415589
7.0,31,451.442054
7.0,50,454.5033
-13.0,34,454.529555
-4.0,30,454.553232
15.0,27,454.574367
9.0,32,454.599211
1.0,23,454.617776
2.0,25,454.656792
-5.0,30,454.680253
-5.0,23,454.699008
1.0,18,454.714127
3.0,40,454.744222
11.0,22,454.761858
16.0,29,454.784457
6.0,24,454.803809
-4.0,28,454.825846
-4.0,25,454.845511
-5.0,27,454.866992
2.0,39,454.896623
2.0,32,454.92118
1.0,36,454.948542
6.0,34,454.97463
5.0,20,454.991104
-5.0,37,455.019251
10.0,19,455.034885
0.0,22,455.052778
10.0,32,455.077653
6.0,50,455.114875
-4.0,28,455.14969
1.0,28,455.172025
1.0,26,455.192631
7.0,28,455.214705
0.0,37,455.242868
0.0,27,455.265927
10.0,20,455.282084
5.0,24,457.628042
2.0,26,457.64888
1.0,34,457.674927
2.0,38,464.769474
-3.0,29,464.794373
16.0,37,464.824748
3.0,38,464.856395
6.0,24,464.877905
4.0,31,464.904419
5.0,44,464.940538
-6.0,20,464.958715
6.0,54,465.002427
24.0,35,465.031855
5.0,38,465.063405
0.0,20,465.081475
2.0,24,465.102753
20.0,26,465.125318
-5.0,28,465.149595
6.0,34,465.178105
10.0,32,465.205437
7.0,30,465.230982
4.0,21,465.24992
2.0,32,465.276873
6.0,22,465.296408
7.0,32,465.323533
0.0,21,465.342535
1.0,36,465.372719
9.0,30,465.397961
11.0,31,465.424283
2.0,24,465.445301
-4.0,19,465.462462
-4.0,15,465.477023
10.0,56,465.522359
-5.0,54,468.405979
5.0,23,468.426889
0.0,22,468.446907
0.0,31,468.476078
6.0,48,468.515911
2.0,44,468.552641
7.0,21,468.571651
7.0,33,468.602816
-4.0,41,468.637235
6.0,33,468.665744
14.0,42,468.704373
2.0,28,468.72909
0.0,40,468.763053
6.0,39,468.798761
4.0,29,468.823963
21.0,25,468.846502
0.0,46,468.885289
-2.0,42,468.923373
10.0,25,468.945462
-1.0,23,468.966487
15.0,34,468.995963
6.0,37,469.030958
5.0,33,469.059413
16.0,27,469.094035
5.0,29,469.122929
11.0,23,469.143877
0.0,48,469.184063
11.0,40,469.220783
6.0,37,469.252573
11.0,31,473.741491
6.0,31,473.770831
10.0,29,473.796077
8.0,35,480.920192
3.0,31,487.868883
-2.0,39,487.904782
2.0,47,487.943498
4.0,18,487.960162
16.0,28,488.049449
4.0,30,488.075238
16.0,26,488.097942
3.0,46,488.136302
-5.0,37,488.167568
6.0,45,488.205853
-1.0,39,488.238888
-2.0,38,488.273714
10.0,43,488.309751
1.0,33,488.338104
11.0,18,488.354888
6.0,48,488.394531
11.0,27,488.418137
16.0,33,488.44665
11.0,27,488.470549
-4.0,43,488.509227
-5.0,42,488.544232
4.0,35,488.573839
2.0,29,488.599085
6.0,22,488.618629
5.0,30,488.644772
-5.0,22,488.664565
-8.0,22,494.560257
10.0,20,494.590941
1.0,27,494.615175
1.0,21,494.634467
8.0,33,494.663157
11.0,26,494.686179
11.0,27,494.709869
1.0,32,494.737749
6.0,45,494.778753
6.0,40,494.81288
6.0,57,494.860084
11.0,44,494.897339
-2.0,29,494.922948
-5.0,22,494.943202
10.0,34,494.972759
0.0,30,494.999066
0.0,32,495.027113
16.0,32,495.055062
19.0,26,495.078272
11.0,34,495.107523
5.0,46,495.146183
0.0,35,495.176464
0.0,16,495.191947
5.0,25,495.214503
6.0,38,495.24709
11.0,30,495.273497
13.0,34,495.302813
4.0,32,495.330932
1.0,46,495.369441
11.0,46,495.441588
2.0,45,498.929314
-2.0,41,498.960909
-4.0,49,498.998095
7.0,26,499.019141
10.0,32,499.044367
20.0,40,506.096235
11.0,40,506.129363
-8.0,26,506.164042
1.0,22,506.183853
-4.0,35,506.213486
4.0,27,506.23711
6.0,46,506.275112
0.0,34,506.30395
0.0,29,506.328995
6.0,49,506.379534
18.0,40,506.413113
-7.0,28,506.437331
11.0,36,506.470469
-4.0,21,506.489468
1.0,30,506.515248
5.0,26,506.537997
1.0,43,506.576627
16.0,32,506.604168
9.0,31,506.630893
16.0,32,506.658181
3.0,44,506.69453
-2.0,33,506.810749
7.0,21,506.832283
7.0,32,506.859446
1.0,29,506.884757
-4.0,38,509.95641
-5.0,37,510.039124
10.0,58,510.100881
5.0,32,510.131289
6.0,36,510.162296
5.0,44,510.19927
3.0,41,510.236562
0.0,30,510.262804
6.0,41,510.297485
1.0,54,510.344649
6.0,44,510.381695
6.0,29,510.407421
2.0,39,510.453737
-4.0,27,510.536489
4.0,31,510.563751
2.0,32,510.591858
11.0,22,510.612127
11.0,53,510.658989
10.0,33,510.687684
6.0,28,510.712288
1.0,21,510.731395
6.0,33,510.762672
6.0,23,510.783724
6.0,35,510.814161
2.0,43,510.850797
16.0,23,510.874263
11.0,18,510.891516
5.0,52,510.935079
-4.0,45,514.315694
6.0,41,514.350767
6.0,34,514.380214
-2.0,28,514.409268
12.0,31,514.436232
-8.0,36,514.479748
5.0,29,514.50536
1.0,23,521.515363
15.0,32,521.542399
-9.0,45,521.578725
11.0,42,521.613074
-6.0,39,521.645026
11.0,37,521.675412
6.0,37,521.709116
0.0,36,521.73866
1.0,38,521.769836
-3.0,41,521.802997
-4.0,33,521.829918
-2.0,40,521.859782
-4.0,50,521.929122
-2.0,41,521.959037
13.0,63,522.004127
-4.0,28,522.025837
2.0,29,522.048194
1.0,29,522.070535
11.0,35,522.09988
-16.0,26,522.120388
6.0,28,525.064951
17.0,38,525.09373
11.0,40,525.127192
-9.0,35,525.153758
0.0,29,525.176507
1.0,55,525.216679
6.0,38,525.247466
13.0,53,525.286393
7.0,36,525.320097
7.0,30,525.346164
6.0,32,525.370811
5.0,19,525.386425
9.0,29,525.40895
-8.0,31,525.435467
6.0,31,525.459486
1.0,24,525.478354
15.0,27,525.499383
4.0,56,525.543162
-2.0,26,525.563577
11.0,44,525.596565
12.0,29,525.619108
9.0,37,525.649515
0.0,45,525.68281
-4.0,45,525.716585
7.0,23,525.735183
0.0,39,525.767701
13.0,26,525.788184
-4.0,31,525.812353
-4.0,34,525.8389
-4.0,37,540.904478
6.0,28,540.929189
2.0,31,540.956347
5.0,28,540.981314
5.0,32,541.008965
3.0,34,541.038319
-4.0,36,541.069381
6.0,51,541.112431
10.0,33,548.229712
10.0,40,548.26351
2.0,26,548.286368
5.0,37,548.317431
10.0,50,548.360507
5.0,32,548.387517
7.0,33,548.415324
0.0,43,548.450905
2.0,27,548.474384
6.0,20,548.492118
0.0,23,548.512652
12.0,28,548.537366
6.0,30,548.566074
2.0,32,548.593307
0.0,23,548.613843
11.0,45,548.650752
11.0,36,548.680946
5.0,24,548.701992
12.0,32,548.72914
-4.0,42,548.767763
2.0,44,548.804295
-2.0,35,556.493781
-3.0,27,556.517588
6.0,42,556.552447
1.0,37,556.583607
15.0,28,556.611033
10.0,24,556.632487
-4.0,44,556.668882
-5.0,29,556.694235
6.0,32,556.721392
15.0,30,556.747129
0.0,30,556.773076
0.0,33,556.801401
-4.0,37,556.8324
-1.0,37,556.863598
6.0,31,556.890193
2.0,29,556.915248
5.0,43,556.951341
6.0,36,556.983787
6.0,26,557.006695
-2.0,27,557.030169
15.0,35,557.074244
0.0,23,557.095963
-1.0,52,557.138711
14.0,30,557.164609
6.0,40,557.197975
-4.0,31,557.224846
6.0,45,557.262116
6.0,33,557.290286
0.0,30,557.315845
2.0,27,557.339513
-6.0,49,560.376457
-4.0,29,560.40143
-14.0,39,560.433435
6.0,30,560.45886
-10.0,46,560.519544
2.0,42,560.557096
10.0,33,560.584435
11.0,29,560.608814
4.0,30,560.634031
1.0,33,560.661462
15.0,31,567.790383
6.0,32,567.817794
5.0,31,567.845001
0.0,32,599.637917
16.0,30,599.6647
20.0,25,599.686986
5.0,48,599.727361
6.0,56,599.773625
6.0,36,599.804278
6.0,44,599.892822
2.0,38,599.925438
5.0,35,599.955716
-2.0,33,599.984157
2.0,19,600.001836
5.0,23,600.022502
2.0,36,600.053177
4.0,34,600.087597
10.0,29,600.112754
4.0,31,600.182632
2.0,24,600.212125
10.0,33,608.075086
4.0,34,608.104492
1.0,22,608.124192
-1.0,31,608.151109
-4.0,21,608.170559
4.0,36,608.201112
6.0,41,608.239435
2.0,24,608.260999
5.0,28,608.285677
8.0,47,608.324772
6.0,45,608.365849
-8.0,34,608.395184
2.0,31,608.422122
0.0,20,608.44042
9.0,37,608.472006
3.0,52,608.514944
7.0,44,608.552036
-8.0,47,608.591574
11.0,35,608.621461
11.0,36,608.651906
2.0,46,608.690305
7.0,22,608.710042
16.0,25,608.732634
0.0,23,608.753203
11.0,68,608.808385
6.0,35,608.838753
6.0,36,608.869737
4.0,27,608.893563
2.0,36,612.888232
11.0,39,612.922136
-4.0,19,612.940293
5.0,34,612.969766
12.0,20,612.988755
2.0,24,613.010448
2.0,28,613.035243
17.0,39,613.068418
11.0,36,613.099385
10.0,32,613.127263
20.0,42,613.162584
-2.0,43,613.199062
6.0,48,620.311075
0.0,26,620.3343
0.0,14,620.348079
-2.0,24,620.369482
1.0,31,620.395621
1.0,40,620.428775
-9.0,33,620.456467
-4.0,24,620.477571
2.0,44,620.516533
6.0,39,620.549163
6.0,32,620.576381
11.0,32,620.603509
5.0,32,620.630786
0.0,20,620.648925
2.0,40,620.682557
7.0,27,620.706198
6.0,29,620.73412
5.0,20,620.752483
6.0,36,620.782885
12.0,19,620.800326
0.0,22,623.797447
0.0,37,623.829559
8.0,26,623.852816
11.0,31,623.880011
10.0,38,623.912373
7.0,31,623.939297
-6.0,35,623.971597
5.0,35,624.001664
6.0,56,624.047961
-2.0,31,624.074818
0.0,38,624.121336
-2.0,35,624.151555
5.0,31,624.181386
0.0,38,624.214007
-5.0,18,624.231038
16.0,31,624.258032
11.0,28,624.282432
15.0,35,624.312672
11.0,21,624.331949
6.0,24,624.353345
3.0,50,624.397981
-8.0,23,624.418874
12.0,36,624.449496
2.0,24,624.470942
6.0,31,624.497903
-1.0,44,624.535244
1.0,35,624.565315
0.0,48,624.607943
11.0,22,624.636517
1.0,39,624.669521
6.0,30,627.480451
-2.0,27,627.505138
6.0,28,627.527472
1.0,64,627.574446
20.0,44,627.607724
7.0,29,627.630541
11.0,24,627.649709
0.0,45,627.68353
4.0,18,627.698745
14.0,26,627.71953
15.0,30,627.743036
6.0,18,627.758617
-2.0,39,627.788512
6.0,21,627.805946
