#{"t_start": 1667390753.5461986, "env_id": "sokoban-turtle-v0"}
r,l,t
3.0,16,32.925797
5.0,10,33.068537
0.0,12,33.253804
-3.0,8,33.510108
-7.0,16,33.734403
-5.0,16,33.966704
4.0,8,34.06906
-8.0,15,34.278107
5.0,9,34.399828
-5.0,15,34.668079
0.0,14,38.826098
9.0,7,39.265044
-7.0,12,39.725045
-2.0,12,39.921436
-10.0,6,40.058997
1.0,9,40.215229
4.0,10,40.408235
-3.0,17,40.754169
8.0,14,40.996926
5.0,8,41.126129
4.0,10,41.319209
-2.0,7,41.454902
3.0,8,45.392767
-6.0,10,45.598652
4.0,13,45.821932
2.0,9,45.96792
0.0,17,46.253864
0.0,6,46.350762
0.0,11,46.792887
-5.0,18,47.223709
2.0,7,47.453203
-8.0,8,47.66099
-5.0,8,47.823503
3.0,13,48.122891
5.0,7,51.880593
-3.0,14,52.08903
0.0,10,52.218449
4.0,9,52.347034
-2.0,11,52.546913
5.0,11,52.741143
0.0,9,52.869656
7.0,6,52.948689
-2.0,12,53.123247
9.0,9,53.314356
9.0,10,53.438487
-5.0,7,53.522892
4.0,9,53.645634
6.0,11,56.993389
-4.0,8,57.161457
5.0,9,57.275286
-4.0,17,57.514208
-4.0,11,57.672324
0.0,22,57.955635
-5.0,9,58.066739
12.0,16,58.528226
-7.0,18,58.77564
0.0,14,58.961015
-4.0,12,62.949902
0.0,12,63.13431
1.0,15,63.343328
6.0,14,63.56744
0.0,11,63.732904
-8.0,12,64.09221
0.0,12,64.405764
5.0,10,64.624575
13.0,20,65.291107
-4.0,18,71.222335
2.0,21,72.157779
1.0,15,72.437528
1.0,16,72.656176
2.0,9,72.863115
9.0,10,78.02293
-2.0,21,78.321099
-10.0,12,78.474249
13.0,13,78.702846
0.0,8,82.714681
0.0,13,83.043593
8.0,20,83.484738
3.0,18,83.826868
7.0,17,84.129101
-9.0,11,84.303504
4.0,9,84.455689
-1.0,9,84.656929
0.0,7,84.825095
5.0,12,85.411189
7.0,12,90.166317
8.0,8,90.42648
-1.0,10,90.5578
3.0,10,90.690304
-9.0,8,90.87163
4.0,19,91.154915
0.0,11,91.295721
3.0,24,91.598194
0.0,7,91.724103
4.0,16,91.938566
-2.0,11,92.079786
4.0,14,95.516481
6.0,20,95.786603
6.0,24,96.139108
-4.0,23,96.449196
4.0,6,96.557964
0.0,5,96.64088
5.0,18,97.023547
4.0,10,97.299079
-3.0,19,102.744041
5.0,10,102.93738
0.0,6,103.310936
-6.0,21,103.823162
-2.0,11,104.036797
-2.0,15,104.222778
5.0,15,104.427497
2.0,13,104.97616
12.0,17,105.879464
5.0,13,110.512845
9.0,9,110.640109
4.0,13,110.819567
-6.0,11,110.974796
2.0,12,111.132755
0.0,12,111.276358
0.0,8,111.382526
2.0,12,111.584776
2.0,16,111.830732
6.0,8,111.992945
3.0,9,112.127505
10.0,14,112.309438
-2.0,11,115.971639
8.0,25,116.305744
8.0,21,116.536894
-6.0,24,116.893419
0.0,14,117.107533
3.0,19,117.340545
-8.0,11,117.482737
-3.0,22,120.883219
0.0,10,121.019284
5.0,18,121.23051
-2.0,10,121.359071
2.0,17,121.565777
0.0,8,121.68931
4.0,14,121.848033
0.0,12,122.021137
2.0,18,122.257298
0.0,10,125.51515
11.0,9,125.654251
5.0,22,126.087116
-1.0,7,126.165859
2.0,28,126.86797
10.0,12,127.052274
13.0,10,127.219208
2.0,13,127.438181
5.0,17,127.799441
-1.0,14,131.887417
7.0,18,132.182997
3.0,15,132.415872
-2.0,19,132.630618
1.0,13,132.796295
5.0,18,133.047822
1.0,30,133.401803
5.0,24,136.830749
5.0,10,136.998081
9.0,10,137.124863
0.0,42,137.648374
-2.0,11,137.769729
2.0,11,137.893836
8.0,10,138.049198
8.0,24,141.517671
3.0,19,141.773041
3.0,13,141.941387
-4.0,12,142.144471
0.0,25,142.458707
3.0,22,142.717663
2.0,19,142.992713
9.0,23,146.573143
0.0,13,146.724323
6.0,25,147.168502
0.0,15,147.412426
8.0,41,148.095797
3.0,14,148.302099
7.0,13,152.222535
6.0,24,152.505793
-3.0,23,152.871766
3.0,21,153.13434
2.0,22,153.363929
5.0,15,153.519227
1.0,28,157.995839
5.0,11,158.200027
10.0,17,158.455657
-7.0,19,158.788808
2.0,45,159.757822
5.0,43,164.529044
5.0,22,164.782975
3.0,19,165.017432
5.0,42,165.495613
8.0,20,165.88837
0.0,71,169.939175
10.0,20,170.182253
-2.0,13,170.323176
-2.0,39,174.289618
3.0,16,174.531037
7.0,32,175.081561
1.0,19,175.389683
-4.0,26,175.750947
3.0,17,176.025994
3.0,46,180.896193
0.0,14,181.089566
9.0,36,181.496143
2.0,22,181.756697
-4.0,34,186.48846
3.0,18,186.726461
2.0,49,187.473321
7.0,23,187.983563
12.0,48,192.58316
12.0,39,193.280731
1.0,28,193.739675
14.0,27,194.092306
5.0,39,198.787931
5.0,13,199.084539
4.0,41,199.907918
6.0,20,200.222839
7.0,30,204.145769
-2.0,78,205.186714
0.0,70,209.705038
-1.0,47,210.550002
18.0,20,210.839276
6.0,37,215.158252
0.0,26,215.477269
10.0,35,215.930138
15.0,34,216.335319
0.0,26,216.719423
0.0,12,220.004005
5.0,26,220.346777
1.0,21,220.581097
5.0,15,220.764684
15.0,9,220.878794
14.0,36,223.209696
4.0,25,226.561046
0.0,17,226.756079
4.0,12,226.882704
0.0,18,227.094006
11.0,18,227.3067
18.0,33,228.045295
7.0,45,231.60594
7.0,17,231.806454
10.0,21,232.061918
10.0,36,232.549608
4.0,34,236.158472
-9.0,9,236.257518
2.0,49,236.966619
2.0,10,237.166751
3.0,58,241.653365
2.0,39,242.326178
-3.0,49,243.073869
3.0,56,247.443432
9.0,33,248.551259
5.0,17,248.725367
-1.0,21,249.036587
10.0,28,249.397582
4.0,27,252.730251
3.0,88,253.713022
5.0,26,257.248796
15.0,19,257.540102
5.0,41,258.136365
5.0,39,258.853246
12.0,50,262.856797
10.0,15,263.018627
10.0,81,264.109408
4.0,53,268.354237
5.0,29,268.664118
6.0,21,268.909469
10.0,69,273.287293
4.0,16,273.651495
5.0,43,274.305029
0.0,40,278.387447
-9.0,23,278.707124
5.0,30,279.066837
6.0,34,279.487655
10.0,29,279.829419
10.0,18,283.708231
8.0,21,283.949059
3.0,21,284.189931
1.0,48,284.755455
-2.0,68,288.612067
10.0,44,289.066683
7.0,32,289.521362
13.0,17,292.992139
13.0,16,293.214271
7.0,42,293.766581
-6.0,20,293.980275
0.0,23,294.277982
-6.0,25,297.665474
20.0,12,297.799183
6.0,38,298.272745
13.0,46,298.856946
10.0,35,302.172559
13.0,91,303.169002
9.0,29,306.780809
5.0,31,307.109224
-2.0,58,307.739171
10.0,40,311.201797
3.0,34,311.587372
3.0,55,312.233531
2.0,31,312.575085
25.0,42,316.229916
10.0,42,316.673313
15.0,38,317.097644
14.0,44,320.471952
1.0,25,320.880043
0.0,63,321.889662
2.0,19,324.956441
14.0,28,325.271764
10.0,34,325.642308
10.0,15,325.853789
5.0,28,326.292937
2.0,39,329.6595
10.0,41,330.14589
3.0,34,330.807508
4.0,46,334.224403
7.0,40,334.84252
20.0,26,335.110952
10.0,43,338.583044
1.0,66,339.392786
3.0,50,340.003229
13.0,31,343.398366
2.0,42,343.981861
10.0,27,344.38399
7.0,42,347.748246
21.0,16,347.921586
10.0,32,348.265507
12.0,67,349.006411
6.0,24,352.136434
2.0,23,352.389994
-4.0,32,352.767553
-3.0,58,356.430705
5.0,22,356.70771
9.0,33,357.072287
5.0,38,357.476499
0.0,33,357.887298
13.0,93,362.207494
0.0,40,365.600676
8.0,67,366.412413
6.0,34,366.798844
5.0,68,370.498702
10.0,27,370.779379
9.0,23,371.047125
10.0,48,374.463285
5.0,52,375.152898
0.0,53,375.733824
4.0,60,379.544561
10.0,50,380.545886
15.0,43,383.955081
10.0,18,384.164591
2.0,43,384.756266
10.0,21,384.993466
4.0,28,385.382544
8.0,59,389.103645
8.0,61,389.813971
15.0,30,393.054867
5.0,46,393.541332
10.0,16,393.70569
15.0,22,393.943144
0.0,82,397.93011
10.0,31,398.387294
5.0,36,398.872226
13.0,38,402.21776
6.0,27,402.542885
0.0,42,403.033894
0.0,32,406.464195
20.0,34,406.947593
13.0,15,407.119614
5.0,36,407.534191
0.0,27,407.872064
0.0,48,411.333331
9.0,44,411.841607
5.0,64,415.500006
0.0,32,415.858106
7.0,109,420.269151
8.0,21,420.528239
3.0,73,421.741417
28.0,26,424.989981
2.0,80,426.289801
5.0,35,429.697089
10.0,33,430.075004
15.0,13,430.221051
0.0,35,430.583768
13.0,104,435.166542
5.0,19,435.371863
5.0,36,435.795046
5.0,18,438.853311
-1.0,66,439.595067
1.0,41,440.465246
5.0,57,444.153954
13.0,48,444.743901
5.0,38,448.09674
1.0,52,448.894022
2.0,39,449.364933
15.0,26,449.654865
8.0,30,453.138056
7.0,66,453.861689
12.0,22,454.100515
10.0,35,457.49224
-4.0,46,458.138421
15.0,33,458.737339
1.0,34,462.156508
10.0,16,462.352798
10.0,30,462.711269
15.0,32,463.153552
18.0,20,463.399495
9.0,97,467.597574
1.0,82,471.497839
10.0,16,471.685043
15.0,29,472.057371
10.0,25,472.368975
14.0,24,472.612833
10.0,18,475.675117
5.0,96,476.782883
10.0,15,476.95159
15.0,32,480.279596
20.0,63,481.187224
0.0,118,485.508569
7.0,64,489.241933
12.0,21,489.50146
5.0,34,489.852037
25.0,23,490.079308
20.0,22,490.329526
10.0,38,493.696393
-2.0,97,494.793496
10.0,68,498.78893
15.0,36,499.31114
4.0,85,503.178614
0.0,69,503.904244
10.0,75,507.68442
5.0,49,508.190516
10.0,54,511.621782
15.0,60,512.283922
17.0,96,516.569328
10.0,20,516.759321
18.0,22,516.990751
20.0,58,520.432843
15.0,60,521.101569
10.0,25,524.258874
10.0,64,525.007636
9.0,120,529.259719
-7.0,55,529.846656
28.0,13,532.968461
11.0,60,533.637387
-4.0,84,537.519082
7.0,40,537.944045
7.0,53,538.519464
5.0,125,542.954369
5.0,125,547.264388
15.0,26,550.455715
12.0,47,550.999387
1.0,125,555.814442
2.0,111,560.083032
-2.0,60,560.726227
10.0,125,564.99981
-3.0,31,565.3325
7.0,125,570.12282
10.0,125,574.359123
-3.0,125,578.578005
4.0,112,582.692369
25.0,30,582.991181
3.0,64,586.779824
5.0,93,590.766236
12.0,53,591.358875
5.0,125,595.610605
12.0,63,599.174721
0.0,125,603.364806
2.0,125,607.55804
10.0,125,608.926233
10.0,56,612.367344
20.0,22,612.61697
8.0,57,616.160618
10.0,124,620.354072
15.0,16,620.515948
5.0,100,621.54737
0.0,125,625.848411
5.0,125,630.15519
5.0,125,634.385058
10.0,77,638.082652
6.0,125,642.314608
6.0,125,646.516128
10.0,125,650.775857
15.0,71,651.518608
0.0,125,655.861499
15.0,118,660.001647
5.0,125,664.319626
5.0,125,668.616859
10.0,93,672.749797
3.0,125,676.996863
20.0,48,677.491811
3.0,125,681.769334
5.0,91,685.658274
10.0,125,689.870227
-4.0,125,694.007969
17.0,25,694.352221
13.0,67,697.96041
15.0,125,702.176185
0.0,125,706.418235
2.0,125,710.549212
0.0,125,714.944721
13.0,125,719.145954
5.0,125,723.27614
3.0,125,727.515091
0.0,125,731.67755
2.0,125,735.841036
5.0,125,737.133293
7.0,109,741.195335
5.0,125,745.473744
-4.0,125,749.716321
9.0,35,752.960483
15.0,125,757.390423
4.0,125,761.63097
0.0,125,763.237229
8.0,125,767.485566
5.0,125,771.717581
16.0,43,775.018236
5.0,125,779.172533
-4.0,125,783.402502
6.0,125,787.585567
10.0,125,791.695314
28.0,12,791.827861
5.0,125,796.02254
7.0,125,800.403738
3.0,125,804.628668
20.0,124,808.824232
5.0,75,809.623103
15.0,125,813.846359
9.0,125,818.031095
8.0,125,822.17712
5.0,125,826.363363
1.0,125,830.563029
22.0,125,834.814618
26.0,78,838.576627
30.0,35,838.929848
0.0,125,843.41807
10.0,124,847.729881
14.0,118,851.847628
15.0,125,856.135998
30.0,17,856.316976
15.0,59,856.994742
10.0,79,860.757385
10.0,125,864.996313
0.0,125,869.474044
10.0,125,873.658899
5.0,125,877.87991
8.0,125,882.278461
10.0,125,886.749346
15.0,125,890.990958
6.0,125,895.185954
7.0,125,899.835593
10.0,125,904.415267
10.0,125,908.707807
2.0,125,912.868086
7.0,125,916.978456
8.0,125,921.070876
10.0,125,925.228487
7.0,100,926.271117
5.0,125,930.829575
5.0,125,934.820906
5.0,125,938.78407
10.0,125,942.773233
25.0,15,945.708412
5.0,125,946.934012
0.0,125,950.987584
10.0,125,954.996515
0.0,125,958.999564
5.0,125,963.094484
19.0,98,966.888716
2.0,125,971.084594
2.0,125,975.077795
0.0,125,979.130923
22.0,30,979.424469
10.0,125,983.454055
18.0,125,987.474066
2.0,125,991.438056
13.0,55,994.74624
3.0,125,998.755974
15.0,125,1002.711846
13.0,125,1006.8036
8.0,125,1011.074573
22.0,125,1015.089751
15.0,125,1019.233915
18.0,44,1019.674256
15.0,19,1019.860989
7.0,125,1023.885452
6.0,125,1027.950189
15.0,125,1032.027684
6.0,47,1032.483107
10.0,125,1036.462704
5.0,125,1040.410029
3.0,125,1044.448885
13.0,81,1048.072938
20.0,33,1048.395236
13.0,58,1051.977835
5.0,125,1056.0922
12.0,125,1060.115891
0.0,125,1064.082568
13.0,74,1064.878487
7.0,76,1068.437361
-3.0,125,1072.57648
13.0,125,1076.758223
0.0,125,1080.781149
4.0,125,1084.827887
15.0,40,1085.218103
5.0,125,1089.218708
10.0,125,1093.494179
8.0,53,1094.013309
3.0,125,1098.045085
10.0,125,1102.059806
20.0,33,1105.120672
18.0,31,1105.448706
5.0,125,1109.510644
15.0,120,1113.561699
16.0,97,1114.556384
5.0,125,1118.571044
18.0,28,1121.590162
20.0,19,1121.782567
4.0,108,1125.660162
23.0,43,1126.095855
4.0,68,1126.787819
7.0,125,1130.830974
3.0,125,1135.141876
8.0,125,1139.190632
6.0,125,1143.410094
20.0,90,1147.08598
7.0,125,1151.217109
2.0,125,1155.252357
8.0,125,1159.340653
10.0,69,1162.836161
1.0,125,1166.871078
0.0,125,1170.849285
11.0,125,1172.269651
6.0,113,1176.343934
13.0,35,1179.459161
6.0,125,1183.556328
8.0,43,1183.991164
5.0,125,1188.282868
5.0,125,1192.206785
20.0,125,1196.187554
6.0,125,1200.193234
15.0,125,1204.299596
11.0,125,1208.284052
10.0,125,1212.275703
8.0,125,1216.439871
10.0,125,1220.455041
18.0,31,1220.75911
6.0,125,1224.706782
8.0,125,1228.6908
5.0,125,1232.670144
6.0,125,1236.752991
14.0,125,1240.763281
5.0,125,1244.784951
20.0,125,1248.840997
0.0,125,1252.877991
14.0,125,1257.07834
10.0,125,1261.219477
3.0,125,1265.200621
5.0,125,1269.277777
11.0,125,1273.229139
12.0,78,1274.015602
13.0,125,1278.033081
11.0,16,1278.192438
14.0,125,1282.436763
2.0,125,1286.749706
5.0,125,1291.030926
13.0,125,1295.63239
13.0,125,1300.216057
8.0,125,1304.438461
23.0,125,1308.78764
8.0,125,1313.066792
24.0,44,1316.366251
5.0,125,1320.523127
15.0,125,1324.749119
17.0,125,1326.134327
22.0,125,1330.307205
15.0,125,1334.488593
10.0,125,1338.726067
2.0,125,1342.985301
5.0,125,1347.185857
1.0,125,1351.408453
9.0,125,1355.570235
5.0,125,1359.716089
-3.0,125,1363.947824
9.0,69,1367.547374
8.0,125,1371.70303
18.0,125,1375.771385
5.0,125,1379.829349
3.0,125,1384.231299
6.0,125,1388.336699
10.0,125,1392.474057
10.0,116,1396.975463
12.0,17,1397.141067
15.0,125,1401.541836
5.0,125,1405.628136
14.0,125,1409.792484
5.0,125,1413.785047
15.0,125,1417.87925
5.0,125,1422.007024
5.0,125,1426.344582
0.0,125,1430.391667
13.0,125,1431.710033
10.0,125,1435.756943
0.0,125,1439.822774
0.0,125,1443.884079
10.0,125,1447.951891
5.0,125,1452.086276
6.0,98,1455.89647
25.0,65,1459.454102
4.0,125,1463.647684
5.0,125,1468.015748
12.0,125,1472.10036
25.0,13,1472.219883
8.0,125,1476.326461
3.0,125,1480.453054
15.0,125,1484.536935
0.0,125,1488.644197
-4.0,125,1492.757668
5.0,125,1496.908511
0.0,125,1500.985193
20.0,125,1502.284228
3.0,125,1506.374543
2.0,125,1510.756811
5.0,125,1515.020556
7.0,125,1519.237387
0.0,125,1523.324458
5.0,125,1527.367088
8.0,17,1527.532359
-3.0,125,1531.715073
3.0,125,1536.042038
25.0,125,1540.261916
16.0,104,1544.187016
25.0,19,1544.371401
5.0,125,1548.470988
0.0,125,1552.834077
0.0,125,1556.946767
10.0,125,1560.991586
16.0,73,1564.569696
8.0,125,1568.665348
18.0,83,1569.534092
5.0,125,1573.721099
3.0,125,1577.864187
5.0,125,1581.993766
8.0,125,1586.119064
3.0,125,1590.224481
10.0,125,1594.546293
0.0,125,1598.730169
6.0,125,1602.891131
20.0,125,1607.021382
14.0,125,1611.256974
15.0,125,1615.359405
5.0,125,1619.417738
15.0,125,1623.529495
0.0,125,1627.656017
2.0,125,1631.775528
7.0,125,1636.18686
14.0,67,1639.702402
13.0,125,1643.863917
5.0,125,1648.003061
5.0,125,1652.075621
5.0,125,1656.240404
5.0,125,1660.359975
2.0,125,1661.574772
20.0,110,1665.600331
20.0,125,1669.709029
0.0,125,1673.861721
1.0,125,1678.256293
3.0,125,1682.346401
10.0,125,1686.547402
30.0,125,1690.686489
25.0,125,1694.823085
15.0,125,1699.021037
10.0,125,1703.158543
8.0,125,1707.193315
5.0,125,1711.361947
15.0,125,1715.552635
10.0,125,1719.834801
8.0,125,1723.89768
15.0,125,1727.960675
21.0,125,1732.057797
20.0,32,1732.376208
23.0,18,1732.557158
5.0,125,1736.693685
7.0,125,1740.772057
14.0,41,1744.041434
10.0,125,1748.128453
14.0,33,1748.47411
11.0,125,1752.579977
13.0,125,1756.684948
17.0,65,1757.342917
5.0,125,1761.657651
10.0,125,1765.806821
10.0,125,1770.028219
5.0,125,1774.220689
15.0,125,1778.328198
10.0,125,1782.433197
10.0,125,1786.580911
4.0,125,1790.727824
18.0,125,1794.846635
0.0,125,1798.95852
10.0,125,1803.341539
8.0,125,1807.463063
10.0,125,1811.599067
10.0,125,1815.654709
3.0,125,1819.811927
15.0,125,1823.966683
15.0,125,1828.196849
5.0,125,1833.133142
10.0,125,1837.548696
15.0,125,1842.309219
3.0,125,1846.739576
3.0,125,1850.949347
8.0,125,1855.26102
10.0,125,1859.554023
5.0,125,1863.745555
5.0,125,1867.921072
5.0,125,1872.112567
5.0,125,1876.231385
7.0,16,1876.389842
20.0,15,1876.542943
10.0,125,1880.618328
10.0,125,1884.781213
2.0,125,1889.11575
10.0,34,1889.5228
15.0,125,1893.780303
4.0,125,1897.977239
8.0,125,1902.068604
13.0,125,1906.255651
10.0,125,1910.38952
20.0,25,1910.638591
-3.0,125,1914.749357
20.0,125,1918.820189
5.0,125,1922.903416
5.0,125,1927.042363
5.0,125,1931.545095
0.0,125,1935.786139
0.0,125,1940.140704
7.0,125,1944.973296
5.0,125,1949.290865
8.0,23,1949.513796
15.0,16,1949.673725
10.0,125,1953.89379
5.0,125,1958.35023
25.0,32,1958.67064
22.0,125,1962.939734
12.0,125,1967.086385
10.0,107,1970.993934
20.0,22,1971.211341
6.0,125,1975.521863
10.0,125,1979.778969
-2.0,125,1983.872987
10.0,125,1987.963477
18.0,15,1988.136012
10.0,125,1992.310801
5.0,125,1996.408591
8.0,125,2000.584505
5.0,125,2004.638204
0.0,125,2008.863422
10.0,125,2013.047215
13.0,46,2016.540588
-3.0,125,2020.648471
13.0,125,2024.860759
10.0,125,2028.975678
5.0,125,2033.094905
8.0,125,2037.199714
3.0,125,2041.325861
15.0,125,2045.437082
20.0,125,2049.498158
11.0,125,2050.717632
15.0,61,2054.137891
8.0,125,2058.450187
13.0,125,2062.563844
3.0,125,2066.741514
13.0,125,2070.951631
16.0,84,2074.628408
-3.0,125,2075.873434
0.0,125,2079.95386
10.0,125,2084.849704
5.0,125,2089.036721
10.0,125,2093.155192
13.0,125,2097.221554
-1.0,125,2101.578604
18.0,125,2105.710354
11.0,125,2109.813828
18.0,125,2114.012858
10.0,125,2118.238228
21.0,25,2118.499347
15.0,17,2121.548589
0.0,125,2125.67012
3.0,125,2129.811816
10.0,125,2134.072531
6.0,125,2135.332341
15.0,125,2139.544522
18.0,17,2142.862267
17.0,125,2146.961577
5.0,125,2151.138585
12.0,125,2155.348185
10.0,125,2159.476835
15.0,125,2160.725884
15.0,25,2163.910106
8.0,44,2164.353276
20.0,125,2168.527594
16.0,114,2172.597964
0.0,125,2176.819958
0.0,125,2180.998746
5.0,125,2185.422302
0.0,125,2189.573002
3.0,125,2193.779674
10.0,125,2197.925701
3.0,125,2202.07655
11.0,125,2206.157246
8.0,125,2210.340261
15.0,125,2214.521373
20.0,18,2214.696797
8.0,125,2219.14942
0.0,125,2223.786503
15.0,20,2223.999709
20.0,15,2224.150951
10.0,125,2229.043806
3.0,125,2233.243515
18.0,125,2237.711586
13.0,64,2238.366172
13.0,55,2241.988961
13.0,125,2246.65954
3.0,125,2251.029717
8.0,125,2255.673161
13.0,125,2260.26107
8.0,79,2261.092509
10.0,125,2265.622813
8.0,125,2270.964943
18.0,125,2276.003726
13.0,125,2280.336328
8.0,82,2284.316743
13.0,125,2288.470596
18.0,125,2292.576259
13.0,125,2296.926785
6.0,125,2301.720212
7.0,125,2306.776541
20.0,125,2311.009407
13.0,125,2315.269653
15.0,125,2319.601222
7.0,39,2319.9911
16.0,125,2324.156117
16.0,22,2324.376053
10.0,33,2324.713659
18.0,125,2328.942134
18.0,125,2333.063736
16.0,125,2337.184207
8.0,125,2341.325105
18.0,125,2345.483678
5.0,125,2349.666003
8.0,125,2353.781219
20.0,17,2353.961927
5.0,125,2358.214027
1.0,125,2362.61815
21.0,125,2366.825226
16.0,21,2369.922921
5.0,125,2374.097863
20.0,125,2375.38673
13.0,125,2379.623328
3.0,125,2383.791175
3.0,125,2388.050177
13.0,117,2392.076429
25.0,125,2396.469567
23.0,22,2396.704998
14.0,125,2401.019187
23.0,32,2404.764075
13.0,125,2408.962369
0.0,125,2413.028651
13.0,125,2417.214201
18.0,125,2421.355114
13.0,125,2425.480368
0.0,125,2429.543643
13.0,125,2433.77949
7.0,100,2434.768171
8.0,125,2438.930054
18.0,125,2443.102823
8.0,125,2447.59714
5.0,125,2451.727671
-3.0,125,2455.981378
13.0,125,2460.212497
13.0,125,2464.432195
5.0,125,2468.595741
10.0,125,2472.84269
8.0,125,2477.260183
18.0,125,2481.57465
5.0,125,2486.634473
13.0,75,2490.507922
13.0,125,2494.713051
26.0,37,2495.097269
10.0,125,2499.330126
31.0,20,2499.51734
5.0,125,2503.712724
5.0,125,2507.910003
3.0,125,2512.155692
10.0,125,2516.374345
16.0,16,2516.532538
8.0,125,2520.696837
0.0,125,2524.860134
8.0,125,2529.11915
16.0,54,2529.680266
0.0,125,2534.058351
10.0,125,2538.235911
28.0,62,2541.747016
18.0,58,2542.410997
20.0,19,2542.591254
5.0,125,2546.793288
20.0,125,2550.941588
8.0,125,2555.096807
15.0,125,2559.226893
10.0,25,2562.45476
18.0,59,2563.08595
13.0,59,2563.704748
8.0,125,2567.841579
15.0,125,2572.054326
15.0,125,2576.377282
-3.0,125,2580.572257
13.0,125,2584.761558
25.0,18,2587.820459
13.0,125,2589.132079
10.0,125,2593.261582
5.0,125,2597.497877
12.0,119,2601.643887
8.0,125,2605.828107
15.0,125,2610.053383
10.0,125,2614.21773
29.0,125,2618.621351
13.0,27,2618.91813
16.0,25,2622.690881
3.0,125,2626.879055
8.0,125,2631.087694
5.0,125,2635.205368
16.0,125,2639.403162
5.0,125,2643.558547
5.0,125,2647.713936
8.0,125,2651.865386
0.0,125,2653.300201
8.0,125,2657.42031
18.0,125,2661.753181
9.0,125,2665.964793
5.0,28,2669.159658
3.0,125,2673.361984
13.0,93,2674.378766
13.0,125,2678.548064
11.0,29,2681.751594
5.0,125,2686.020488
3.0,125,2687.320942
10.0,125,2691.477379
5.0,125,2695.709276
8.0,125,2699.878685
-4.0,125,2704.343404
2.0,125,2708.553784
6.0,125,2712.710639
5.0,125,2716.834242
2.0,125,2721.099296
18.0,72,2724.853001
13.0,106,2729.034054
11.0,125,2733.794131
10.0,125,2737.960742
18.0,125,2742.128714
8.0,125,2746.459987
30.0,15,2746.607628
0.0,125,2750.782002
17.0,125,2754.878971
15.0,15,2755.029211
11.0,33,2755.391853
5.0,125,2759.519654
3.0,125,2763.81745
8.0,125,2767.967137
26.0,13,2768.091718
8.0,125,2772.291682
13.0,125,2776.457197
23.0,15,2776.613517
6.0,125,2780.820283
13.0,14,2780.961924
18.0,125,2785.167457
6.0,125,2789.479977
20.0,125,2793.663458
16.0,125,2797.843587
18.0,125,2802.143647
15.0,125,2806.425433
5.0,125,2811.06014
5.0,125,2815.732558
3.0,125,2820.499787
14.0,125,2825.396203
13.0,125,2830.289254
13.0,125,2834.88482
10.0,125,2839.195545
8.0,125,2843.922241
18.0,125,2849.563269
15.0,59,2850.225068
8.0,125,2854.522721
6.0,125,2858.745935
15.0,97,2863.10816
5.0,125,2867.558711
13.0,125,2872.151196
6.0,125,2876.390343
18.0,125,2880.722671
15.0,125,2885.04015
13.0,17,2885.223459
8.0,125,2889.392703
18.0,15,2889.538609
10.0,125,2893.808435
10.0,125,2897.98984
6.0,125,2902.15671
5.0,125,2906.2837
20.0,125,2910.52465
18.0,16,2910.675444
8.0,83,2914.450541
15.0,125,2918.658131
8.0,125,2922.939538
25.0,125,2927.230031
10.0,125,2931.474956
13.0,125,2935.616762
13.0,125,2939.727189
6.0,125,2943.912405
15.0,13,2944.052153
10.0,125,2948.55647
18.0,125,2952.710103
13.0,125,2956.981464
13.0,125,2961.114536
10.0,125,2965.523623
0.0,125,2969.816248
6.0,14,2969.949687
10.0,125,2974.140341
15.0,51,2974.670341
1.0,125,2978.936256
18.0,125,2983.086423
17.0,17,2983.273779
18.0,125,2987.471169
18.0,125,2991.647631
3.0,125,2995.802224
28.0,125,2999.975575
8.0,125,3004.183895
15.0,19,3004.37203
5.0,125,3008.756812
15.0,125,3013.243411
10.0,125,3017.412421
18.0,125,3021.592188
10.0,125,3026.211499
18.0,125,3030.362648
8.0,125,3034.648392
11.0,125,3038.788074
17.0,31,3039.108566
12.0,125,3043.326844
23.0,125,3047.502691
5.0,125,3051.785537
5.0,125,3056.36674
15.0,122,3060.567343
8.0,125,3064.792926
20.0,125,3068.945856
23.0,125,3073.227796
13.0,125,3077.430904
20.0,14,3077.591827
18.0,125,3081.783765
8.0,125,3085.98374
11.0,125,3090.267069
0.0,125,3094.688963
10.0,38,3095.116723
2.0,125,3099.316345
15.0,125,3103.529057
0.0,125,3107.667073
23.0,125,3112.071016
10.0,125,3116.200408
3.0,125,3120.759788
16.0,45,3124.180465
0.0,125,3129.007232
7.0,125,3133.291196
18.0,125,3134.715681
5.0,125,3139.197723
0.0,125,3143.509925
13.0,125,3147.796314
8.0,30,3150.9455
8.0,60,3151.564395
8.0,125,3155.70114
10.0,125,3159.856573
13.0,125,3164.096011
8.0,125,3168.360444
11.0,125,3172.507079
15.0,81,3176.215082
3.0,125,3180.559307
11.0,125,3184.877168
10.0,125,3189.183191
23.0,125,3193.683871
15.0,125,3197.892917
8.0,125,3202.176369
23.0,14,3202.339506
15.0,125,3206.521282
3.0,125,3210.632185
10.0,125,3214.884468
18.0,125,3219.10778
10.0,125,3220.395867
6.0,125,3224.715764
18.0,125,3228.942185
20.0,125,3233.173237
10.0,125,3237.303208
5.0,125,3241.465943
15.0,125,3245.649053
0.0,125,3249.922527
7.0,125,3254.051966
15.0,125,3258.314769
5.0,125,3262.553273
33.0,32,3266.005961
3.0,125,3267.286655
10.0,125,3271.542498
11.0,51,3274.943716
10.0,125,3279.215873
18.0,16,3279.390626
13.0,125,3283.593299
10.0,125,3287.788122
3.0,52,3288.297667
18.0,125,3292.615128
13.0,125,3296.795626
18.0,16,3296.950871
6.0,125,3301.194293
5.0,125,3305.395462
6.0,125,3309.846468
20.0,125,3314.005404
13.0,125,3318.26566
15.0,125,3322.43791
18.0,65,3325.988729
15.0,18,3326.198735
3.0,125,3330.408446
13.0,125,3334.645078
15.0,125,3338.870631
0.0,125,3343.072858
3.0,125,3347.235632
18.0,125,3351.537092
8.0,125,3355.674683
8.0,125,3359.846613
3.0,125,3364.029797
3.0,125,3368.15234
0.0,125,3372.378634
3.0,125,3376.61722
28.0,16,3376.783338
8.0,125,3380.952832
8.0,125,3385.24547
13.0,125,3389.461203
3.0,125,3393.834124
5.0,125,3398.049346
8.0,125,3402.332361
13.0,125,3406.468488
10.0,125,3410.684211
10.0,125,3414.955701
8.0,125,3419.20719
11.0,125,3420.47213
13.0,125,3425.194289
8.0,125,3429.427966
13.0,125,3433.699474
0.0,125,3438.15666
8.0,125,3442.393395
8.0,125,3446.570267
5.0,125,3450.812207
26.0,84,3454.50329
18.0,48,3454.98625
18.0,125,3459.132017
20.0,125,3463.266429
20.0,11,3463.372451
3.0,125,3467.588446
0.0,125,3471.950649
10.0,125,3476.117328
5.0,125,3480.559644
5.0,125,3484.775639
0.0,125,3489.010754
5.0,125,3493.113648
5.0,125,3497.341133
13.0,125,3501.572072
11.0,125,3505.902495
0.0,125,3510.112011
0.0,125,3514.296413
23.0,12,3514.425193
15.0,125,3518.618912
15.0,125,3523.49897
3.0,125,3528.337924
18.0,125,3532.669309
18.0,125,3537.024612
18.0,125,3541.595506
14.0,17,3541.784517
7.0,125,3546.268509
15.0,125,3551.593025
13.0,125,3557.12626
13.0,125,3561.989502
20.0,125,3566.272442
13.0,125,3571.02422
25.0,125,3575.774165
13.0,125,3580.194058
3.0,125,3584.362166
8.0,125,3588.552711
17.0,125,3598.153614
3.0,125,3603.693154
3.0,125,3610.965023
21.0,99,3619.192337
21.0,125,3628.238531
26.0,11,3628.420067
23.0,125,3633.604407
23.0,12,3633.720286
0.0,125,3638.298754
5.0,125,3642.930499
5.0,125,3647.151098
23.0,19,3647.360064
14.0,29,3647.680278
18.0,18,3647.861613
4.0,125,3652.04563
5.0,125,3656.346027
0.0,125,3660.559281
15.0,125,3664.827971
16.0,125,3669.034494
5.0,125,3673.213834
23.0,11,3673.330673
5.0,125,3677.83735
5.0,125,3682.031116
13.0,125,3686.290808
8.0,125,3690.461771
18.0,125,3694.655227
0.0,125,3698.972106
15.0,125,3703.160868
20.0,125,3707.410214
10.0,125,3711.617632
5.0,125,3715.918775
8.0,125,3720.358605
0.0,125,3724.642772
8.0,125,3728.882486
13.0,125,3733.134117
16.0,125,3737.35586
8.0,125,3741.754853
5.0,125,3746.066892
3.0,125,3750.602099
10.0,125,3754.764427
8.0,125,3758.968165
21.0,16,3759.127316
6.0,125,3763.549179
8.0,125,3767.767892
8.0,125,3771.998318
0.0,125,3776.608502
5.0,125,3780.768446
13.0,125,3784.971578
23.0,14,3785.130267
20.0,10,3785.223015
10.0,125,3790.064909
0.0,125,3794.302368
10.0,125,3798.475981
0.0,125,3802.62448
20.0,101,3806.747763
0.0,125,3810.939876
10.0,125,3815.038503
13.0,24,3815.31364
10.0,125,3819.497827
10.0,87,3820.460204
13.0,125,3824.622114
10.0,14,3824.762792
18.0,12,3827.86303
23.0,15,3828.036046
20.0,14,3828.170372
5.0,125,3832.385233
8.0,125,3836.610806
0.0,125,3840.797327
10.0,125,3844.96647
3.0,125,3849.360529
3.0,125,3853.519601
5.0,125,3857.884885
8.0,125,3862.351524
10.0,125,3866.534179
17.0,14,3866.67718
11.0,46,3867.141726
15.0,15,3867.292
10.0,125,3871.543642
20.0,125,3875.733401
13.0,125,3879.880351
13.0,125,3884.169728
20.0,125,3888.579446
8.0,26,3888.875528
6.0,125,3893.422838
3.0,125,3897.631802
13.0,125,3901.784014
8.0,125,3907.496116
23.0,125,3911.740271
13.0,125,3915.879532
5.0,125,3920.266292
0.0,125,3924.535312
15.0,93,3928.358242
10.0,125,3932.596721
18.0,125,3937.112487
8.0,125,3941.330809
13.0,73,3942.060126
0.0,125,3946.217934
25.0,125,3950.436257
8.0,125,3954.623324
13.0,125,3958.827274
11.0,125,3963.045904
13.0,19,3963.265006
26.0,24,3966.357079
10.0,49,3966.886343
5.0,125,3971.145651
15.0,21,3971.353312
18.0,125,3975.523587
8.0,125,3979.884293
3.0,125,3984.19795
6.0,125,3988.439988
11.0,125,3992.81984
7.0,125,3997.121004
15.0,103,4001.151018
16.0,31,4001.473381
10.0,15,4001.641874
23.0,29,4001.928185
13.0,125,4006.249086
0.0,125,4010.579228
16.0,61,4014.092527
0.0,125,4018.356592
3.0,125,4022.839415
8.0,125,4027.20451
10.0,125,4031.536534
13.0,43,4032.03449
3.0,125,4036.28547
8.0,125,4040.489605
13.0,125,4044.737453
15.0,57,4045.325544
0.0,125,4049.466575
5.0,125,4053.62796
6.0,125,4057.879255
21.0,18,4058.076125
13.0,125,4062.244344
11.0,125,4066.822277
7.0,123,4071.08828
10.0,125,4075.385288
10.0,125,4079.619825
10.0,125,4083.836141
13.0,51,4087.374408
0.0,125,4091.541283
10.0,80,4092.476239
5.0,125,4096.883441
15.0,105,4100.993733
15.0,125,4105.257218
10.0,125,4109.80253
5.0,125,4114.406043
20.0,15,4114.615675
18.0,125,4118.880752
13.0,125,4123.077813
5.0,39,4123.463027
23.0,14,4123.60691
13.0,125,4127.845417
8.0,125,4132.09456
4.0,125,4136.33498
11.0,32,4139.517761
15.0,27,4139.807175
8.0,125,4144.062596
13.0,29,4144.363142
-4.0,125,4148.586785
8.0,125,4153.070446
11.0,125,4157.370247
2.0,125,4161.66442
13.0,49,4162.260264
5.0,125,4166.4477
5.0,125,4170.769888
20.0,23,4171.024302
2.0,52,4174.560445
6.0,125,4178.772453
10.0,125,4183.059633
13.0,125,4187.38151
8.0,125,4191.696573
3.0,125,4197.056215
23.0,67,4197.769437
18.0,46,4201.20017
3.0,125,4206.039241
15.0,49,4206.641506
9.0,125,4210.88803
3.0,125,4215.163423
11.0,125,4219.397733
1.0,125,4223.670774
3.0,125,4228.152515
13.0,125,4232.486981
16.0,125,4236.734011
11.0,37,4237.164826
9.0,52,4240.884192
8.0,95,4241.881675
10.0,125,4246.163092
12.0,16,4246.355675
13.0,12,4246.490244
14.0,95,4250.474255
8.0,125,4254.810592
8.0,125,4259.168514
12.0,125,4263.433768
8.0,12,4263.56221
0.0,125,4268.024232
8.0,59,4271.608382
15.0,114,4275.690433
13.0,33,4276.049909
8.0,37,4276.462585
10.0,66,4280.037066
15.0,81,4280.991229
11.0,37,4284.520733
8.0,125,4289.324584
8.0,27,4289.613252
12.0,42,4290.087339
-1.0,125,4294.390461
8.0,125,4298.721544
23.0,26,4299.052721
10.0,51,4302.555239
7.0,47,4303.061423
6.0,61,4303.783797
0.0,125,4307.998605
2.0,125,4312.808205
23.0,13,4315.898904
11.0,23,4316.138143
8.0,125,4320.430398
5.0,125,4324.698182
6.0,73,4325.639727
19.0,19,4325.832607
13.0,47,4329.387659
13.0,37,4329.830155
4.0,70,4333.454855
8.0,36,4333.858031
15.0,57,4334.480713
10.0,125,4339.359416
11.0,97,4343.369271
14.0,125,4347.646969
13.0,36,4348.102523
15.0,27,4351.252023
8.0,125,4352.779391
18.0,20,4355.863528
13.0,125,4360.290657
17.0,38,4360.749485
5.0,17,4360.928878
21.0,14,4361.090869
20.0,29,4361.415794
14.0,34,4364.683924
2.0,125,4375.4816
0.0,125,4379.990339
10.0,18,4380.20793
22.0,46,4380.752076
2.0,74,4384.456964
10.0,125,4388.649833
8.0,125,4392.919424
19.0,33,4393.321432
7.0,125,4397.672397
16.0,14,4397.803021
10.0,79,4401.633432
-4.0,125,4405.883769
13.0,59,4406.53225
1.0,35,4406.908622
8.0,103,4410.989474
13.0,14,4411.141892
20.0,63,4414.755917
15.0,125,4419.26259
0.0,125,4423.963035
13.0,47,4424.480874
2.0,101,4428.527142
14.0,50,4429.095422
8.0,125,4433.354996
7.0,79,4437.180184
5.0,125,4441.557613
3.0,125,4445.914952
-1.0,125,4450.176583
8.0,71,4450.954888
18.0,22,4451.18088
15.0,41,4454.638232
3.0,125,4459.029305
10.0,125,4463.443809
11.0,125,4467.950542
10.0,125,4472.390837
0.0,125,4476.61637
15.0,96,4477.740025
0.0,125,4481.969927
15.0,125,4486.330453
11.0,19,4489.450827
21.0,60,4490.12755
5.0,125,4494.422023
3.0,125,4498.814353
13.0,108,4502.9013
-1.0,31,4503.250886
5.0,125,4507.607001
8.0,125,4512.275661
10.0,64,4513.339705
28.0,36,4517.049082
0.0,125,4527.016183
1.0,125,4531.237279
5.0,107,4536.133747
28.0,12,4536.263753
10.0,125,4540.652766
5.0,125,4544.928615
-4.0,125,4549.199915
13.0,125,4553.469408
8.0,63,4554.258782
18.0,16,4554.426793
13.0,125,4558.76465
8.0,109,4562.951934
6.0,20,4563.150592
6.0,50,4566.583655
2.0,125,4570.963901
5.0,125,4572.263275
6.0,44,4575.720972
5.0,125,4579.961071
8.0,125,4584.234926
5.0,125,4588.469888
9.0,125,4592.860494
20.0,125,4597.184047
6.0,125,4601.623
18.0,25,4601.894096
13.0,42,4602.361685
6.0,125,4606.996244
18.0,13,4607.143054
8.0,103,4611.305659
13.0,27,4611.600596
8.0,42,4614.983982
23.0,14,4615.138067
16.0,95,4616.185497
8.0,125,4620.634954
23.0,15,4624.172081
8.0,98,4625.486916
5.0,125,4630.036981
25.0,28,4633.426586
20.0,59,4634.126431
8.0,125,4638.500774
1.0,125,4642.770679
3.0,125,4647.051737
15.0,125,4651.785869
5.0,125,4656.77224
8.0,74,4657.738128
20.0,11,4660.809788
37.0,22,4661.056804
17.0,13,4661.185551
8.0,125,4665.391201
12.0,17,4665.572517
10.0,12,4665.702884
3.0,49,4666.298473
7.0,12,4669.359833
9.0,46,4669.87278
3.0,125,4674.229363
11.0,125,4678.512838
12.0,125,4683.027647
8.0,95,4687.015559
3.0,125,4691.701849
13.0,12,4691.836697
10.0,58,4692.465536
17.0,44,4692.970458
3.0,125,4697.548314
3.0,125,4702.001208
20.0,14,4702.17933
-2.0,125,4706.528586
3.0,125,4710.857093
15.0,26,4714.005105
15.0,98,4715.101982
23.0,88,4719.194923
-4.0,125,4723.581897
3.0,125,4728.017789
2.0,125,4732.390074
10.0,108,4736.44136
9.0,78,4737.369935
19.0,33,4740.784736
8.0,62,4741.487221
10.0,125,4746.129345
4.0,61,4749.991019
1.0,100,4751.130025
14.0,40,4754.625036
14.0,49,4755.233716
3.0,89,4759.163936
20.0,19,4759.369273
17.0,14,4759.534593
8.0,79,4763.267908
6.0,75,4764.227594
14.0,108,4768.333074
18.0,125,4772.791408
16.0,19,4773.036787
20.0,99,4777.846967
18.0,10,4777.973032
13.0,28,4778.270111
15.0,68,4782.800495
1.0,125,4788.336298
11.0,16,4788.537822
8.0,103,4793.183313
5.0,125,4797.816935
5.0,119,4802.264348
3.0,125,4806.603142
8.0,29,4806.948695
21.0,19,4807.160639
8.0,113,4811.508305
0.0,125,4815.915871
-4.0,125,4820.516065
8.0,125,4825.90891
18.0,30,4826.235864
4.0,125,4830.632725
10.0,125,4835.325878
7.0,125,4839.580385
0.0,125,4843.853389
19.0,83,4847.687998
17.0,27,4847.980331
25.0,60,4848.752098
20.0,35,4852.535036
-2.0,125,4856.929578
10.0,66,4857.692282
18.0,69,4861.791543
20.0,80,4862.688571
2.0,29,4863.010465
-4.0,125,4867.298009
18.0,15,4870.344449
8.0,48,4870.95461
-4.0,125,4875.9199
10.0,125,4881.248191
18.0,30,4881.610677
8.0,47,4882.172875
16.0,77,4886.79862
12.0,45,4887.324468
4.0,42,4890.825836
3.0,26,4891.172633
19.0,21,4891.60084
2.0,71,4895.618049
15.0,64,4896.362339
20.0,27,4896.705241
13.0,125,4901.295122
16.0,27,4904.638516
28.0,18,4904.853634
8.0,125,4909.41596
19.0,55,4910.10141
23.0,16,4910.256167
13.0,125,4914.76371
14.0,125,4919.548426
16.0,28,4919.889899
0.0,125,4924.455965
15.0,29,4928.022048
8.0,125,4933.083463
15.0,111,4934.508935
13.0,23,4937.975128
9.0,105,4939.365045
8.0,125,4944.134499
5.0,62,4947.821314
11.0,59,4948.538697
15.0,65,4952.314833
20.0,75,4953.316458
16.0,19,4956.517074
18.0,37,4956.985363
8.0,86,4961.03351
17.0,79,4961.937486
18.0,34,4962.326396
6.0,26,4965.580415
15.0,38,4966.02314
5.0,125,4970.662084
15.0,14,4970.843827
13.0,67,4974.912569
8.0,59,4975.580155
21.0,15,4975.775159
3.0,57,4979.250184
15.0,42,4979.799405
7.0,113,4983.960567
9.0,125,4988.412899
15.0,23,4988.671721
13.0,120,4993.082451
5.0,125,4997.686563
28.0,16,4997.877814
8.0,24,4998.157909
3.0,125,5002.572883
7.0,81,5006.397552
13.0,75,5007.307201
18.0,65,5011.657826
9.0,46,5012.245188
7.0,84,5016.447944
23.0,15,5016.629483
0.0,125,5021.95513
-3.0,74,5025.804722
5.0,125,5030.147255
8.0,21,5030.403703
13.0,30,5030.779578
8.0,75,5034.595593
5.0,125,5038.898366
15.0,31,5039.29116
3.0,125,5043.917264
18.0,16,5044.676956
11.0,115,5049.036513
5.0,99,5053.134733
18.0,38,5053.671874
0.0,125,5058.016837
9.0,52,5058.609699
18.0,14,5058.788526
22.0,33,5062.013026
13.0,31,5062.450597
0.0,125,5067.03663
4.0,32,5067.460473
8.0,60,5071.123644
3.0,125,5075.539139
5.0,87,5076.655758
0.0,125,5081.153184
7.0,80,5085.045242
11.0,65,5085.815848
13.0,22,5086.09586
7.0,31,5089.327941
15.0,57,5090.020169
20.0,27,5090.329202
-3.0,39,5093.64553
12.0,86,5094.656796
14.0,36,5097.973079
7.0,28,5098.359696
8.0,53,5099.037438
2.0,90,5103.053412
13.0,36,5103.466889
5.0,125,5107.900913
23.0,86,5112.061323
18.0,76,5113.005702
13.0,80,5116.906071
13.0,42,5117.406831
23.0,32,5120.642653
12.0,42,5121.176888
18.0,36,5121.612764
13.0,44,5125.033875
15.0,50,5125.613764
18.0,12,5125.80483
0.0,88,5129.753913
11.0,23,5130.03043
5.0,90,5134.030991
9.0,58,5134.72289
6.0,23,5135.050138
28.0,13,5135.239613
15.0,100,5139.29153
8.0,125,5143.689397
3.0,45,5147.156392
6.0,54,5147.812763
13.0,82,5151.79825
11.0,51,5152.34277
13.0,113,5156.807711
17.0,42,5157.264352
7.0,50,5160.671834
16.0,16,5160.840887
3.0,101,5164.910815
5.0,27,5165.209056
-4.0,125,5170.201001
17.0,57,5170.811116
11.0,125,5175.201177
10.0,35,5175.661639
10.0,125,5180.186712
15.0,24,5183.356477
10.0,92,5185.444795
23.0,23,5185.709549
21.0,16,5188.804746
11.0,45,5189.333228
28.0,14,5189.495155
22.0,19,5189.714142
19.0,112,5193.902645
16.0,42,5194.397898
4.0,46,5197.942838
-4.0,125,5202.669
23.0,76,5203.616369
2.0,125,5208.062594
13.0,19,5208.315206
11.0,71,5211.956543
5.0,125,5216.40049
17.0,42,5216.928763
2.0,125,5221.694269
25.0,12,5221.831835
13.0,116,5226.696368
27.0,25,5227.055512
23.0,12,5230.233692
15.0,77,5231.067829
18.0,28,5231.406341
15.0,125,5236.321676
15.0,86,5240.262472
5.0,100,5244.379846
4.0,48,5244.871871
8.0,42,5248.424015
10.0,125,5256.787782
19.0,41,5257.36695
3.0,100,5261.779775
11.0,125,5266.036139
3.0,72,5266.953666
23.0,110,5271.788676
13.0,48,5272.297864
8.0,125,5276.740804
21.0,32,5280.24361
26.0,40,5280.962893
17.0,99,5285.597284
18.0,52,5286.221765
15.0,67,5289.76297
19.0,49,5290.769661
16.0,27,5291.188316
6.0,32,5291.546148
4.0,118,5296.199245
10.0,125,5300.962163
13.0,11,5301.104274
11.0,36,5304.442095
25.0,15,5304.619202
20.0,17,5304.854113
16.0,43,5309.646928
20.0,17,5309.933153
13.0,27,5313.083614
3.0,125,5317.44908
10.0,121,5321.763514
13.0,10,5321.90476
16.0,89,5323.015896
15.0,58,5326.490639
9.0,32,5326.878326
10.0,73,5330.536026
12.0,125,5335.476463
25.0,49,5336.090465
18.0,125,5340.487868
10.0,67,5344.168957
25.0,28,5344.572595
5.0,125,5349.258059
7.0,53,5350.384901
16.0,16,5350.555577
6.0,125,5354.936926
24.0,14,5355.121659
19.0,27,5358.271899
12.0,75,5359.183279
0.0,125,5363.541541
5.0,125,5367.983866
12.0,125,5372.775273
21.0,14,5372.942286
20.0,24,5373.260949
15.0,50,5376.734635
-2.0,53,5377.339912
18.0,82,5381.32316
21.0,31,5381.703097
5.0,125,5386.30817
32.0,22,5386.703546
3.0,125,5391.229066
15.0,97,5396.007828
13.0,21,5396.284274
18.0,125,5407.463607
10.0,125,5411.926604
7.0,56,5412.843158
14.0,17,5415.872732
19.0,20,5416.192775
10.0,35,5416.60465
14.0,107,5420.717579
18.0,49,5421.384219
-4.0,125,5426.331071
5.0,125,5431.395946
22.0,43,5435.037191
11.0,23,5435.308943
13.0,125,5439.650638
18.0,112,5444.065902
13.0,86,5445.423028
7.0,24,5445.791523
12.0,125,5450.914677
7.0,44,5454.374516
15.0,51,5454.894978
5.0,125,5459.510841
33.0,125,5463.977807
13.0,56,5467.594884
8.0,125,5472.755964
13.0,125,5475.263393
13.0,29,5478.388505
3.0,125,5482.751301
8.0,125,5486.999141
4.0,125,5491.497586
21.0,32,5491.906235
15.0,50,5492.493587
18.0,19,5492.690886
15.0,35,5496.194995
2.0,53,5496.865444
5.0,80,5500.773244
2.0,125,5505.167594
2.0,96,5506.61014
13.0,51,5510.269506
1.0,125,5515.622348
20.0,35,5516.021863
17.0,125,5520.48074
8.0,125,5525.373092
16.0,60,5528.959729
18.0,13,5529.09566
5.0,125,5533.265457
8.0,66,5534.039178
3.0,125,5538.878533
29.0,125,5543.468761
9.0,125,5547.814609
23.0,35,5548.32658
10.0,115,5552.484118
8.0,87,5556.418001
13.0,116,5561.0169
11.0,11,5561.139057
9.0,125,5565.70672
18.0,20,5565.974722
23.0,125,5570.226873
7.0,125,5574.67458
8.0,125,5579.164592
16.0,18,5579.34166
20.0,125,5583.701742
8.0,125,5588.244565
1.0,125,5592.87217
18.0,16,5593.061533
13.0,125,5597.263521
11.0,125,5601.630414
18.0,21,5602.018064
23.0,14,5602.158626
15.0,26,5605.349256
9.0,125,5610.081981
12.0,125,5614.339131
15.0,15,5614.525324
22.0,22,5614.790663
3.0,125,5619.325929
10.0,54,5620.158393
9.0,111,5624.198749
18.0,125,5628.421062
0.0,125,5632.791255
13.0,14,5632.93451
18.0,25,5633.187551
27.0,125,5637.631033
5.0,125,5641.819113
18.0,28,5644.959992
4.0,125,5649.307314
18.0,32,5649.731746
8.0,125,5654.047676
13.0,125,5658.367635
18.0,125,5662.864119
8.0,125,5667.202923
11.0,125,5671.817698
9.0,49,5672.496995
5.0,125,5677.338428
18.0,55,5677.955975
21.0,36,5681.925215
23.0,23,5682.177254
17.0,124,5686.574791
10.0,80,5687.52265
13.0,125,5691.750351
8.0,125,5696.065617
13.0,58,5699.626451
5.0,125,5704.206587
20.0,26,5704.598896
22.0,24,5704.863808
13.0,25,5705.14212
15.0,22,5708.370366
4.0,125,5712.935402
24.0,19,5713.129571
10.0,125,5717.831732
5.0,61,5718.580413
4.0,125,5723.10763
13.0,125,5727.432086
5.0,125,5732.245058
24.0,40,5732.877834
13.0,125,5737.166506
15.0,125,5741.63859
8.0,26,5744.847118
6.0,84,5745.810663
14.0,22,5746.128406
15.0,97,5750.10605
2.0,125,5754.424812
18.0,125,5758.852246
20.0,72,5762.568777
7.0,96,5763.762106
-3.0,125,5768.312815
0.0,125,5772.805836
26.0,17,5775.870617
23.0,84,5776.95005
7.0,125,5781.622188
18.0,125,5785.860032
13.0,21,5786.109141
19.0,125,5790.407684
8.0,125,5794.755757
10.0,125,5799.0863
22.0,32,5802.290056
18.0,55,5803.002187
10.0,125,5807.43474
6.0,77,5812.305711
8.0,125,5813.801428
0.0,125,5818.093265
8.0,78,5822.034325
7.0,125,5826.499711
12.0,37,5826.910541
12.0,31,5830.120122
2.0,125,5834.372494
29.0,46,5834.911633
20.0,94,5838.970352
-3.0,93,5840.043857
2.0,125,5844.419226
20.0,70,5848.719805
2.0,125,5853.056784
8.0,125,5857.478241
13.0,125,5861.655396
3.0,124,5866.065258
25.0,18,5866.329178
8.0,38,5866.746947
16.0,90,5870.755252
12.0,21,5871.070231
16.0,15,5871.240533
19.0,122,5875.538849
14.0,125,5879.786599
25.0,95,5883.852338
6.0,92,5887.7507
8.0,125,5892.032324
4.0,125,5896.567297
-2.0,125,5901.259835
8.0,84,5902.251841
20.0,56,5906.03718
13.0,94,5907.187245
10.0,125,5912.690198
20.0,125,5916.908328
12.0,125,5921.717914
15.0,111,5925.971386
10.0,125,5930.390887
8.0,125,5935.138906
5.0,125,5940.129727
8.0,125,5944.896379
0.0,125,5949.556765
23.0,47,5950.327406
19.0,125,5954.793525
0.0,125,5959.573193
9.0,125,5963.966752
23.0,64,5967.548367
25.0,125,5972.186921
13.0,48,5972.85431
3.0,125,5978.686771
7.0,17,5979.441845
15.0,125,5991.751579
8.0,125,5995.989293
-11.0,125,6001.074255
19.0,125,6005.719504
4.0,125,6010.398412
15.0,125,6014.849081
13.0,52,6018.39484
8.0,125,6024.81061
12.0,125,6029.116804
16.0,11,6029.245303
13.0,125,6035.914506
22.0,2,6035.943347
13.0,23,6036.247852
16.0,125,6040.568982
19.0,24,6040.910354
25.0,125,6045.436532
12.0,125,6049.76516
23.0,36,6050.190842
22.0,12,6050.389544
13.0,64,6055.824279
10.0,24,6056.101484
6.0,43,6056.635845
18.0,34,6059.839041
25.0,125,6064.949703
11.0,29,6065.476768
13.0,125,6069.841567
3.0,125,6074.146614
0.0,125,6078.454619
13.0,46,6079.041358
28.0,14,6079.217344
22.0,36,6079.614616
20.0,51,6083.132698
0.0,125,6087.563233
2.0,125,6092.090824
15.0,100,6096.141704
13.0,125,6100.705281
7.0,125,6105.197327
7.0,125,6109.392709
15.0,111,6110.954943
3.0,125,6115.574746
7.0,125,6120.722204
18.0,19,6120.920858
3.0,120,6125.051845
26.0,40,6128.392888
17.0,106,6132.45763
22.0,17,6132.645492
5.0,125,6137.033036
21.0,125,6141.516773
13.0,125,6146.110672
14.0,45,6146.675307
18.0,38,6147.119383
12.0,75,6151.523505
6.0,125,6155.953218
10.0,125,6160.851279
0.0,125,6165.138314
25.0,16,6165.312149
25.0,125,6177.458501
5.0,125,6181.644698
12.0,125,6186.34647
15.0,125,6191.098109
15.0,125,6195.307179
7.0,125,6199.837533
8.0,71,6200.774993
17.0,54,6204.111538
11.0,125,6208.376363
8.0,125,6212.795044
5.0,125,6217.105343
20.0,54,6217.87098
0.0,125,6222.706222
43.0,25,6222.985878
5.0,125,6227.47453
21.0,17,6227.726689
21.0,46,6231.083122
3.0,125,6235.369139
25.0,36,6235.851606
18.0,77,6239.609581
20.0,34,6240.094012
8.0,125,6244.875531
18.0,83,6245.952097
3.0,125,6250.793906
29.0,19,6253.872661
7.0,125,6258.209172
24.0,23,6258.475644
0.0,125,6263.047226
10.0,125,6271.673075
7.0,101,6275.622341
16.0,32,6275.964451
20.0,73,6276.802333
17.0,125,6281.058278
13.0,125,6285.27798
12.0,125,6289.561361
13.0,62,6293.379405
5.0,125,6297.708825
11.0,125,6301.859834
10.0,116,6306.361149
15.0,95,6307.4222
22.0,106,6311.968069
1.0,125,6320.635621
20.0,125,6324.779957
11.0,125,6329.189504
16.0,40,6329.741453
11.0,115,6333.736908
14.0,125,6342.500503
12.0,125,6347.154033
18.0,32,6350.700355
11.0,81,6352.137744
20.0,24,6352.415457
8.0,105,6356.707635
19.0,78,6360.428451
16.0,35,6360.825166
21.0,125,6365.10254
22.0,83,6369.0597
27.0,18,6369.233779
29.0,24,6369.603514
18.0,18,6369.808316
8.0,125,6374.434458
13.0,125,6379.480329
12.0,20,6379.881218
16.0,11,6379.99697
23.0,125,6385.307189
20.0,100,6389.52444
14.0,54,6393.582147
13.0,36,6394.049288
6.0,125,6398.415966
4.0,72,6399.403835
13.0,76,6403.170744
15.0,42,6403.742174
13.0,125,6408.457679
9.0,110,6412.869032
20.0,95,6417.317808
4.0,125,6422.579917
16.0,77,6423.450717
13.0,125,6430.533676
8.0,125,6434.831451
19.0,125,6439.199446
8.0,125,6443.993198
10.0,125,6448.271761
8.0,125,6452.551976
8.0,125,6456.933414
16.0,23,6457.255955
13.0,106,6462.63651
12.0,9,6462.736179
11.0,125,6467.026663
14.0,125,6471.716696
9.0,125,6476.331228
8.0,21,6476.611897
20.0,42,6480.328627
8.0,76,6481.192583
8.0,102,6485.44655
8.0,82,6489.535133
6.0,25,6489.992252
18.0,125,6494.445242
5.0,125,6499.057697
21.0,65,6499.845155
8.0,125,6510.513127
7.0,125,6517.395953
27.0,125,6521.666971
15.0,125,6525.88462
26.0,21,6528.832064
8.0,125,6530.33589
0.0,125,6534.703708
13.0,104,6538.915013
18.0,119,6543.790552
10.0,125,6548.230613
27.0,84,6552.519255
13.0,125,6556.854707
0.0,125,6561.213946
20.0,17,6561.426961
3.0,125,6565.928641
26.0,16,6566.091367
13.0,125,6571.01761
5.0,125,6575.334752
15.0,58,6576.055227
10.0,109,6580.34348
20.0,125,6584.652909
19.0,19,6584.854278
15.0,125,6590.274563
16.0,16,6593.213305
5.0,125,6594.988521
22.0,20,6598.100995
13.0,46,6598.639567
20.0,117,6603.581748
20.0,16,6603.759377
24.0,125,6608.064848
25.0,36,6608.50249
5.0,125,6613.321492
15.0,103,6617.402118
18.0,36,6617.85215
16.0,125,6622.443784
0.0,125,6627.033126
25.0,125,6632.127953
7.0,125,6637.034365
10.0,125,6641.551216
10.0,125,6646.20928
13.0,125,6651.116234
3.0,125,6655.618782
24.0,125,6660.066894
15.0,125,6664.525505
30.0,84,6668.411619
20.0,125,6679.242744
30.0,125,6683.54425
26.0,46,6684.11878
15.0,125,6692.191395
8.0,125,6696.690166
10.0,125,6700.995377
7.0,98,6705.091043
23.0,59,6705.925879
12.0,125,6715.581796
14.0,125,6719.802255
10.0,125,6724.016989
21.0,24,6724.262275
2.0,125,6728.741252
10.0,125,6733.679695
13.0,125,6738.401354
12.0,125,6743.448298
5.0,125,6748.04437
22.0,21,6748.299594
17.0,37,6751.886061
17.0,107,6756.277653
20.0,125,6760.769525
8.0,125,6767.392196
13.0,125,6771.567988
5.0,125,6775.91637
28.0,125,6780.345512
10.0,125,6784.594213
33.0,38,6792.552137
17.0,14,6792.747022
8.0,125,6798.185766
22.0,41,6798.682233
5.0,125,6803.357622
20.0,125,6807.571593
15.0,125,6816.34355
8.0,125,6820.571999
10.0,125,6828.935756
33.0,117,6833.114037
10.0,125,6837.582371
8.0,125,6842.244411
30.0,125,6847.152218
20.0,96,6851.85006
24.0,12,6851.969145
15.0,37,6852.409684
19.0,74,6861.814442
23.0,39,6862.274836
0.0,125,6867.061453
3.0,125,6871.87869
13.0,23,6872.182138
20.0,55,6872.862674
19.0,117,6877.257974
5.0,80,6881.101816
14.0,60,6881.854333
16.0,34,6885.072642
13.0,125,6894.789178
11.0,22,6895.211771
5.0,125,6899.941628
39.0,99,6904.246198
8.0,125,6909.592291
13.0,125,6915.732345
23.0,24,6916.173126
12.0,15,6916.404822
15.0,34,6916.879936
5.0,125,6921.315346
19.0,125,6925.989236
14.0,125,6930.819344
18.0,125,6936.521504
15.0,25,6936.862092
13.0,13,6937.039481
22.0,125,6942.530484
29.0,16,6942.786459
17.0,108,6947.180944
18.0,125,6956.297119
24.0,125,6960.513836
37.0,24,6960.915771
13.0,15,6964.182771
26.0,125,6971.065281
15.0,17,6974.049141
20.0,20,6974.294602
8.0,125,6978.771559
15.0,125,6988.501794
12.0,125,6993.088713
22.0,41,6993.642665
9.0,125,6997.926759
16.0,125,7002.308802
22.0,40,7003.120413
25.0,34,7006.302088
14.0,125,7011.788635
5.0,125,7016.413473
32.0,112,7022.245796
7.0,125,7026.80364
19.0,125,7031.237164
21.0,43,7034.781049
13.0,125,7039.493729
21.0,125,7044.04711
3.0,125,7048.516004
8.0,47,7049.250804
15.0,124,7059.810785
18.0,66,7061.016853
5.0,125,7065.388373
29.0,125,7069.700084
11.0,84,7074.017229
11.0,125,7078.831166
2.0,125,7083.242348
6.0,125,7087.622759
17.0,43,7088.198014
12.0,125,7092.912498
23.0,125,7097.576308
16.0,21,7097.916327
3.0,125,7102.811552
20.0,11,7106.021473
8.0,125,7107.94877
25.0,24,7114.830968
3.0,125,7119.078056
4.0,125,7125.037248
6.0,30,7125.610299
13.0,18,7125.941378
0.0,125,7132.34167
15.0,125,7143.362225
